0,1,2,3,4,5,id,value,value1,category0,category1
3.79,5.28,10.41,6.41,4.35,3.58,0,0.6266188734993815,28,free,good
1.44,5.78,6.36,1.29,4.83,0.46,1,0.716943095812195,53,middle,great
3.8,-1.23,7.72,6.1,6.31,4.27,2,0.7327833224834182,78,jam,bad
4.29,3.37,3.05,4.32,5.36,5.8,3,0.7815013532484707,54,free,good
3.21,6.45,6.07,5.96,7.81,3.87,4,0.28108156266757406,43,free,great
2.42,3.36,2.95,8.53,2.19,6.73,5,0.8006511511662244,44,middle,pretty good
7.84,7.04,2.81,5.78,5.29,3.48,6,0.8690902044721938,109,middle,great
4.01,1.06,1.59,3.95,5.24,5.99,7,0.5078780976444477,40,jam,great
12.16,6.65,5.07,5.11,6.5,3.99,8,0.9736796299115491,29,middle,great
4.65,5.37,4.81,5.56,0.8,1.37,9,0.2946553274955378,36,middle,great
6.72,6.68,2.52,3.83,4.48,1.93,10,0.7939887352048558,39,jam,great
9.93,6.07,1,0.66,6,4.96,11,0.6721737338700209,33,jam,good
5.98,3.37,4.6,9.31,0.04,5.48,12,0.5004296603689996,35,jam,bad
0.59,6.46,4.83,1.87,-0.25,3.73,13,0.511207895974737,48,middle,bad
2.11,3.59,6.36,0.48,6.98,8.89,14,0.4219297435905695,35,middle,bad
7.89,8.48,1.85,2.51,1.48,8.3,15,0.4507706639914937,127,jam,pretty good
3.06,10.13,6.81,8.07,6.06,3.18,16,0.11638237112375444,64,jam,good
2.68,4.18,9.89,1.57,6.09,-0.97,17,0.6384656275892533,94,jam,bad
6.32,2.01,8.5,2.78,10.42,4.68,18,0.9760065924666763,75,middle,pretty good
11.84,4.15,4.28,6.42,4.52,1.73,19,0.5506556177330949,42,middle,pretty good
1.8,4.2,5.83,6.7,0.38,-1.1,20,0.3636334224526099,-3,free,pretty good
2.5,0.94,4.7,8.16,4.85,7.13,21,0.19084412236152198,58,jam,good
-0.07,7.77,0.24,4.09,4.53,-1.13,22,0.43320640622887774,46,jam,pretty good
6.82,5.33,5.68,8.46,2.91,5.16,23,0.014057658042016752,99,jam,good
3.6,9.74,3.5,7.32,10.93,0.48,24,0.36598295301169953,33,middle,great
8.77,1.46,3.23,-0.27,3.03,4.78,25,0.35471821354493965,16,free,good
-4,5.74,5.46,2.23,2.88,6.42,26,0.12475519786699135,19,middle,good
3.88,5.78,4.43,1.75,5.05,2,27,0.3172956928639563,71,middle,bad
5.57,9.71,1.74,3.89,7.24,3.87,28,0.5876095046591903,28,jam,pretty good
7.24,9.42,2.46,4.63,7.35,0.52,29,0.07423267656466442,62,jam,great
0.31,5.25,5.95,0.7,0.32,6.26,30,0.5397075752906024,24,jam,pretty good
6.34,1.56,13.2,8.62,4.9,11.24,31,0.4339150604737112,62,free,pretty good
1.36,0.84,11.19,5.57,1.77,10.68,32,0.28765939430772913,87,middle,bad
4.6,1.46,8.69,2.55,3.14,2.49,33,0.3386521261336513,119,middle,bad
5.1,6.44,2.99,1.37,5.49,7.76,34,0.855314184995771,8,free,great
6.37,2.93,4.04,4.61,6.32,4.18,35,0.4461577963597841,16,free,pretty good
3.7,5.51,4.14,4.31,7.47,7.49,36,0.163980155096426,41,jam,bad
3.25,3.7,6.34,3.95,9.88,3.43,37,0.8553663941709262,48,jam,bad
1.88,7.51,7.96,4.06,6.11,-1.65,38,0.684616477019224,0,middle,bad
5.09,6.83,2.85,10.98,14.69,7.62,39,0.7683657718121057,39,jam,pretty good
3.25,1.4,9.48,9.29,5.39,3.69,40,0.31126818513663496,27,jam,pretty good
8.9,3.32,11.49,2.19,3.96,5.44,41,-0.0685584957342179,71,jam,good
3.61,9.21,9.93,6.29,5.64,2.03,42,0.47969364682763693,94,free,bad
3.6,-0.74,11.17,7.32,3.26,0.89,43,0.10529714762589176,74,free,great
11.95,9.93,6.76,0.41,11.53,-0.09,44,0.738944507186593,17,jam,bad
9.36,5.36,14.21,8.9,4.62,2.91,45,0.42621864278181903,-9,free,bad
1.81,9.45,4.29,4.8,-0.11,1.94,46,-0.11790008496211168,79,middle,great
7.21,-0.2,5.72,1.95,-0.96,6.05,47,0.6819376749425037,26,free,pretty good
8.3,5.33,10.44,4.15,4.19,5.84,48,0.44494224418110506,36,free,great
2.46,5.84,4.94,-0.8,4.25,1.25,49,0.26622518305903725,85,free,good
-1.24,5.81,2.73,-0.14,4.3,6.85,50,0.6365997668040422,5,middle,good
6.01,8.66,6.18,4.9,7.21,2.67,51,0.5326959255726432,20,middle,good
3.33,5.64,3.4,3.3,6.08,6.51,52,0.710104524790597,22,jam,good
5.07,6.81,2.2,5.84,3.78,1.44,53,0.27578470721759457,52,free,bad
3.15,9.5,2.96,3.9,4.85,4.66,54,0.2189807058784886,55,middle,great
7.3,3.29,-1.93,8.65,2.83,5.3,55,0.5822914186351368,82,free,bad
4.68,7.4,9.31,7.48,1.98,0.7,56,0.49058145243609014,23,middle,great
4.48,0.69,3.94,9.59,-0.74,6.48,57,0.5698196843607206,82,jam,great
6.8,5.96,7.76,3.97,7.79,8.53,58,0.9578505322520944,87,jam,pretty good
5.71,5.2,10.73,5.6,3.07,7.31,59,1.0283061876535067,36,middle,good
-0.7,4.47,0.09,2.16,-1.43,-0.17,60,0.669163358516266,50,middle,bad
2.35,9.23,5.29,3.23,5.92,5.03,61,0.2879932396775635,57,free,good
6.2,8.63,3.11,2.79,9,1.37,62,0.8747071623357517,64,free,great
8.67,8.96,9.4,1.71,4.62,5.35,63,0.6098832731560464,59,free,good
2.28,6.76,4.61,2.72,4.35,3.06,64,0.5029892679540626,41,free,pretty good
-0.56,4.44,2.18,-2.1,6.31,3.86,65,0.5275107857957865,71,middle,bad
5.85,4.36,2.92,3.21,1.67,1.55,66,0.4812173205710085,61,middle,pretty good
-0.35,-1.93,1.59,4.81,2.38,7.08,67,-0.10554907738559305,0,middle,great
4.36,1.74,2.22,6.63,1.59,0.04,68,1.2857818080719268,67,middle,bad
3.38,-4.28,4.39,5.84,0.65,4.51,69,-0.0036740344524460733,15,jam,pretty good
0.91,3.37,9.84,2.25,4.3,9.08,70,0.8317294745982646,43,free,pretty good
2.67,5.63,0.51,-0.37,1.87,6.55,71,0.6602651250377246,58,free,good
7.97,1.47,7.81,3.74,7.72,3.53,72,0.41245368333788945,57,jam,pretty good
4.78,8.69,4.06,5.73,4.57,7.91,73,0.3996484090068877,43,middle,bad
-0.07,7.86,4.22,5.14,5.06,4.09,74,0.3764761092968188,52,free,bad
5.18,8.68,5,3.35,5.76,5.09,75,0.8900867891783664,35,middle,bad
6.78,5.64,6.91,3.82,4.15,6.13,76,0.48645093246096904,29,free,great
5.94,4.65,1.65,2.82,8.76,0.04,77,0.9673979358965283,20,free,good
3.79,7.28,6.78,2.32,3.72,4.82,78,0.3341295126836399,37,free,bad
4.9,4.88,3.7,4.29,10.54,5.27,79,0.47099398692013406,21,middle,pretty good
1.07,7.02,3.64,6.07,5.56,7.76,80,0.43557352506907016,42,middle,good
5.01,12.96,8.04,3.22,-0.82,5.41,81,1.1013977452649737,21,jam,good
3.7,1.8,5.65,7.52,5.31,0.94,82,0.9436287534015704,33,middle,bad
2.19,2.44,8.85,4.75,4.97,4.08,83,0.5012435170616878,54,free,good
7.7,7.36,7.52,5.42,6.87,4.74,84,0.6239093561579886,0,free,pretty good
1.44,2.82,4.23,12.02,10.66,2.35,85,0.4081757206039583,27,free,good
8.76,2.89,12.58,6.41,5.14,4.32,86,0.8758331649646934,37,middle,bad
2.32,9.34,6.46,5.88,5.58,10.8,87,0.30057491026155664,55,middle,bad
0.06,4.52,1.79,3.23,2.71,8.22,88,0.575039904001369,55,middle,bad
4.16,10.09,0.72,9.29,3.89,3.35,89,0.5754442182173322,11,jam,great
1.15,9.03,2.73,2.11,4.42,4.94,90,0.622357267937004,43,jam,bad
9.14,0.11,3.5,4.57,3.88,9.98,91,0.7351894228652504,20,free,bad
3.8,-1.35,8.69,3.11,8.14,5.94,92,0.3808170512188314,8,jam,great
7.01,5.6,2.64,1.99,14.85,6.44,93,0.23564505769732785,39,free,pretty good
2.89,1,1.16,7.02,2.89,7.19,94,0.9833901484005582,72,free,great
10.43,4.97,3.69,6.98,5.53,1.31,95,0.4184271119410825,54,jam,pretty good
3.32,3.47,5.35,3.31,4.25,5.21,96,0.3192231421198801,107,free,great
4.11,-0.35,4.26,8.24,-0.96,7.79,97,0.5305886412630086,70,middle,great
8.83,5.04,-0.8,7.79,9.27,-0.18,98,0.29023587350469987,36,jam,pretty good
3.53,1.3,9.98,2.3,7.58,-2.25,99,0.7987022751156472,82,free,great
4.94,-1.83,8.87,5.59,4.28,-2.27,100,0.5929608640728022,27,jam,great
6.96,5.92,3.8,4.37,8.59,2.94,101,0.7838426607765583,44,free,good
-2.26,5.16,5.19,2.67,2.63,4.62,102,0.6095667142899377,-7,free,great
2.84,6.78,1.28,3.92,3.32,8.1,103,0.07501342699484831,44,middle,good
7.41,6.38,1.33,4,9.32,4.48,104,0.6087649468495735,67,middle,bad
3.97,7.8,-0.59,5.28,6.96,5.7,105,0.5817513992194827,44,free,pretty good
0.59,10.74,1.31,2.79,5.91,6.68,106,0.5131790916009618,59,jam,pretty good
7.64,6.36,-2.34,11.7,6.79,6.35,107,0.09118916890175455,41,jam,great
7.94,5.98,7.42,9.32,7.21,2.42,108,-0.04938823255684943,133,middle,pretty good
6.38,2.69,9.41,5.11,7.69,6.45,109,0.6287114495023697,19,jam,pretty good
-0.59,2.2,3.02,5.69,3.3,5.55,110,0.280029356252512,134,middle,pretty good
7.43,2.86,6.39,7.48,4.37,6.54,111,0.6435546868149534,73,jam,pretty good
7.19,6.48,5.89,4.45,5.18,4.74,112,0.39155133112471646,47,middle,pretty good
2.39,2.58,5.53,1.06,8.42,-0.03,113,0.2610215831331788,29,jam,good
9.44,6.82,4.04,5.95,8.81,1.94,114,0.3598519065238256,108,free,pretty good
0.26,5.11,6.2,10.43,6.37,4.4,115,0.3718320882309728,66,middle,great
-0.52,9.09,4.06,6.73,1.35,1.02,116,0.4056815671131063,89,free,bad
4.93,2.37,-0.04,5.06,3.12,4.45,117,0.10575416626997247,37,jam,great
3.77,3.64,5.99,0.82,3.97,6.47,118,0.6163191695643635,78,jam,bad
7.2,5.49,9.94,11.06,2.73,-4.21,119,0.785229958615108,68,jam,pretty good
10.29,-3.55,0.41,5.94,4.02,5.73,120,0.5655746332967941,139,free,pretty good
5.59,4.59,2.38,2.1,2.38,3.12,121,0.5371964288412088,27,free,good
1.37,1.35,0.8,5.38,2.24,3.59,122,0.5475171639193642,58,jam,pretty good
8.64,3.55,4.13,4.57,9.95,3.29,123,0.4009010044830428,37,middle,great
4.89,8.24,-1.08,5.08,0.07,5.04,124,0.9360364355432176,41,middle,bad
5.1,6.1,6.78,7.18,8.48,2.75,125,0.18180090259276965,36,jam,great
6.92,0.86,12.66,7.72,10.04,6.21,126,0.20784781456462886,30,middle,bad
6.77,5.96,3.59,1.64,7.37,1.24,127,0.5743658355788338,16,jam,bad
7.65,-2.78,4.21,6.94,4.44,2.12,128,0.1238866067388002,61,middle,great
7.92,4.28,7.49,7.25,1.75,5.01,129,0.9462138921199286,49,middle,great
1.73,6.15,8.5,4.49,3.05,-1.19,130,0.30553653190164337,26,free,great
4.81,7.45,5.34,5.84,1.35,6.89,131,0.49654097670741604,41,free,pretty good
-0.48,6.09,4.25,7.12,12.43,14.29,132,0.8248112456783927,72,middle,great
3.63,1.94,8.2,6.17,8.69,0.45,133,0.21118028323133725,-6,jam,good
3.19,3.53,8.58,5.55,8.07,6.42,134,0.7807204029727479,61,middle,good
3.77,3.21,6.74,2.15,0.51,2.91,135,0.5411959531709456,-10,free,bad
7.41,9.15,7.44,4.61,7.4,8.29,136,0.717759231749109,72,free,great
8.03,6.11,4.91,6.96,9.9,4.01,137,0.4263596026267931,92,free,bad
6.31,4.74,-0.92,8.46,4.37,3.87,138,0.8761121147273416,60,jam,good
5.71,6.08,2.01,2.96,3.02,2.44,139,0.7477261848235865,12,middle,good
10.82,-0.71,6.41,4.47,6.48,-1.88,140,0.3995055702308059,-5,jam,bad
9.2,5.58,1.12,7.99,7.72,12.34,141,0.1416219820185507,115,middle,bad
4.55,4.52,6.44,3.68,0.92,4.66,142,1.0401321785832498,39,jam,good
3.16,7.87,2.29,9.71,-1.06,-0.03,143,0.2513304998963759,46,jam,pretty good
6.71,6.06,2.66,6.82,5.03,6.38,144,0.5934938672982082,-12,middle,good
8.63,2.53,8.13,6.96,12.25,4.92,145,0.5965419617595116,38,jam,pretty good
2.76,3.13,1.78,5.3,3.93,7.26,146,0.6280645784989521,55,middle,bad
7.98,6.18,8.61,10.98,3.35,0.57,147,0.7470430760185801,17,free,great
7.87,7.22,3.23,3.78,5.96,4.28,148,0.4228224921456098,123,middle,bad
3.23,5.29,7.77,7.24,3.31,5.63,149,0.6801868473591638,61,middle,bad
6.31,6.09,5.84,-1.3,5.54,2.4,150,0.01638419530531393,-1,free,great
7.45,3.02,6.97,6.14,5.4,2.18,151,0.45430607165054077,35,middle,good
2.14,3.59,12.09,3.21,6.61,4.69,152,0.3840933898768726,115,jam,pretty good
6.48,3.49,4.99,8.57,8.22,4.25,153,-0.049731854346412585,14,middle,bad
6.29,2.83,13.18,6.5,1.79,1.08,154,1.0208943737360145,90,jam,good
5.25,1.47,5.03,7.63,2.31,2.66,155,0.746644652835734,73,middle,pretty good
6.03,2.44,5.84,6.24,3.37,4.92,156,1.1237740845530277,65,middle,bad
2.1,4.32,4.77,6.66,3.33,6.13,157,-0.1566334695773568,31,free,pretty good
9.98,0.67,7.3,2.88,6.39,5.2,158,0.6303314316372897,23,free,pretty good
4.9,4.25,4.33,8.95,8.65,5.71,159,0.6137064508193373,48,free,bad
6.22,2.08,5.6,3.72,9.49,1.69,160,0.14052387313344505,77,middle,bad
7.79,1.39,6.39,5.35,2.39,3.48,161,0.8270272685179846,55,jam,great
5.24,2.02,2.34,2.21,0.83,0.17,162,0.3400278428906576,20,jam,pretty good
3.19,1.46,8.74,7.11,3.78,6.56,163,0.6227299466047981,38,jam,good
3.29,3.47,3.72,0.64,6.96,4.71,164,0.07599287139510563,76,jam,great
4.32,1.03,3.49,6.21,9.17,8.22,165,0.3845572842295463,-27,middle,good
4.19,6.99,2.93,0.53,3.49,3.24,166,0.38264870052559474,33,jam,good
5.34,6.45,5.38,9.38,4.72,6.11,167,0.3803921462304747,40,free,good
2.34,7.77,2.01,7.57,-1.66,6.15,168,0.617238152049427,94,jam,bad
0.32,5.93,4.62,8.77,6.95,3.6,169,0.6783275929383932,73,free,bad
7.62,1.53,8.37,6.59,1.01,6.07,170,0.06676301379570915,44,middle,great
2.27,-1.81,8.98,4.47,3.56,3.24,171,0.4418061292469977,95,middle,great
9.12,5.49,4.87,6.88,-0.89,7.25,172,0.3271322437531829,37,middle,good
3.56,3.27,10.19,7.61,7.91,5.5,173,0.42988458640761606,87,free,good
5.66,7.32,4.52,2.85,9.95,1.34,174,0.5823735552251762,23,middle,pretty good
0.12,6.91,9.14,3.9,3.55,8.84,175,0.3399917072408759,10,jam,bad
1.77,4.66,9.72,5.6,0.12,3.8,176,0.06708793867252155,45,free,great
5.31,9.12,3.04,1.16,7.43,11.01,177,0.13545957469986736,43,free,great
4.71,3.2,3.4,0.94,3.88,5.72,178,0.4007430592947702,43,free,bad
7.08,6.82,0.23,4.75,6.44,5.77,179,0.5230942658291271,31,jam,great
11.35,8.1,7.93,2.44,4.57,3.95,180,0.06523530095418212,67,middle,good
4.47,2,6.5,5.29,6.71,4.22,181,0.4372808392395024,0,free,good
4.34,7.78,7.59,8.44,7.35,3.66,182,0.767323882354085,56,free,bad
8.72,4.82,0.97,4.83,5.46,5.35,183,0.07794147226623832,-5,middle,pretty good
2.62,3.24,6.62,7.3,2.97,5.96,184,0.5869801368413838,25,jam,pretty good
5.38,5.98,4.03,5.06,3.73,9.67,185,0.14389691281850553,28,jam,great
4.5,1.69,3.87,5.31,-0.09,2.04,186,0.6076158239202669,74,jam,pretty good
7,6.62,2.9,8.4,4.82,10.11,187,0.6085099380561501,1,jam,pretty good
6.46,5.61,7.02,5.56,3.59,4.32,188,0.598221915035914,-3,free,good
3.68,4.98,10.39,3.15,2.75,-1.9,189,0.7854901875411227,74,jam,great
7.91,5.86,0.69,6.21,-0.55,8.39,190,0.2730442665718064,107,middle,bad
0.12,-0.72,2.61,2.54,11.67,2.74,191,0.9460092669084308,23,middle,pretty good
8.81,6.38,-1.4,8.27,4.49,5.15,192,0.17987771856056606,33,jam,good
3.86,2.21,12.89,7.02,3.97,-1.3,193,0.24747100805681702,76,middle,great
-1.84,4.86,3.61,11.04,1.95,5.84,194,0.2830953752346069,82,jam,good
8.87,-0.03,3.61,7.8,2.37,5.23,195,0.7803623539831239,49,middle,great
2.83,1.1,3.55,6.31,0.61,0,196,0.09346729849859531,27,middle,pretty good
4.45,6.59,0.79,6.44,4.39,5.95,197,0.8981981770656318,79,free,bad
1.64,7.22,4.2,6.81,6.47,2.38,198,0.45260193275097016,29,middle,great
0.94,2.77,4,2.88,8.3,9.01,199,0.869033406089939,81,free,great
5.64,4.3,8.55,7.31,0.23,7.99,200,0.3906678787491615,82,jam,bad
4.73,5.96,-0.38,6.24,2.46,5.05,201,0.8523613273863538,46,middle,bad
1.35,6.31,2.22,3.41,2.16,3.07,202,0.515389297794466,39,jam,bad
4.39,5.95,3.97,6.34,3.67,5.98,203,0.6608518438025468,-16,jam,bad
3.8,0.65,6.69,-0.25,7.02,9.18,204,0.5766873918256037,67,jam,great
9.74,3.29,1.51,3.49,8.6,8.08,205,0.14350600718550827,35,free,good
6.46,7.33,1.99,-0.07,1.65,1.46,206,0.6422914272311758,59,jam,good
5.58,5.89,8.7,3.16,2.78,4.78,207,0.29892704795881575,41,middle,great
7.05,4.27,2.26,0.13,4.83,2.25,208,0.41826022014066244,107,jam,great
7.67,4.94,4.94,10.14,5.71,4.35,209,0.548744797391146,59,middle,pretty good
9.15,8.94,5.64,4.76,8.13,7.05,210,0.290633986704022,23,jam,bad
2.24,6.6,10.99,9.64,4.91,6.4,211,-0.06429619307413581,89,middle,bad
3.05,8.72,3.9,7.6,1.96,4.94,212,0.048074256915756175,72,middle,bad
3.23,7.01,3.5,2.61,3.2,6.44,213,0.3066153629563289,15,free,bad
5.28,3.98,7.42,6.16,9.92,2.38,214,0.32465734837826177,37,middle,great
4.45,2.58,6.09,4.15,-2.42,6.29,215,0.40288068024360657,65,jam,great
2.72,7.25,5.84,6.07,8.22,6.14,216,0.7708768558224248,36,free,bad
12.57,9.6,9.59,6.13,7.68,6.77,217,0.12982761087166517,23,middle,bad
2.9,2.98,8.45,4.67,9.2,1.69,218,0.6982009958121008,56,free,great
1.37,4.74,7.83,4.79,6.05,3.03,219,0.5779522553887831,9,free,bad
9.75,3.65,4.53,0.54,4.17,5.63,220,0.5766630759671019,70,middle,good
4.02,3.04,9.98,1.68,5.71,6.37,221,0.9475875577014952,44,middle,pretty good
5.42,7.47,10.25,7.67,11.03,8.28,222,0.05705503026348824,64,middle,bad
5.12,9.18,4.35,4.56,3.13,7.74,223,-0.006333920857828745,47,middle,pretty good
1.15,7.27,5.64,5.07,2.91,0.24,224,0.6663578384181339,6,jam,bad
4.21,5.33,8.33,3.24,-1.28,-0.27,225,0.3221368258857662,18,middle,pretty good
5.41,-0.81,7.68,5.26,6.87,7.52,226,0.2868923819433528,55,free,pretty good
11.05,7.19,2.39,2.22,10.19,4.55,227,0.3890243050242207,111,jam,great
3.16,5.97,1.69,1.03,2.87,1.19,228,0.22107084996073983,71,free,good
2.54,2.93,2.37,2.3,2.12,4.93,229,0.6576212321519608,96,jam,good
0.68,9.24,2.45,-1.2,4.56,7.57,230,0.2859589433760378,37,middle,great
1.63,3.8,1.45,3.54,-0.24,2.98,231,0.5821648659333737,4,middle,great
4.62,0.62,2.11,9.93,1.42,5.43,232,0.35047501823490845,40,middle,good
6.74,4.66,4.48,7.42,1.44,5.5,233,0.6621274152147305,10,jam,bad
2.63,2.63,5.49,2.2,5.92,5.17,234,0.49416703698445114,67,jam,great
7.33,-4.52,2.28,2.5,5.36,6.37,235,0.8585918642980046,91,free,good
1.33,5.68,8.91,7.26,7.24,2.82,236,-0.09670555561494132,38,free,bad
6.71,5.94,7.57,1.48,5.8,6.3,237,0.6276350011207739,29,jam,pretty good
4.01,7.32,4.85,-0.69,7.18,5.19,238,0.5737629872320669,103,middle,great
7.69,7.19,0.59,8.7,5.76,4.72,239,0.8433602284252836,20,free,good
5.28,10.89,9.46,6.08,8.85,6.93,240,0.8535886590575487,79,jam,bad
4.63,6.6,9.37,5.9,4.87,9.81,241,0.48098031438403416,66,jam,great
11.19,1.68,2.14,3.73,7.04,6.41,242,1.096915500947016,91,jam,pretty good
6.17,4.06,6.95,13.18,4.44,7.61,243,0.9019677843494203,60,free,good
6.58,5.93,8.91,5.85,10.01,5.46,244,0.5244193446392815,2,free,bad
3.88,3.33,7.54,4.97,-1.86,10.75,245,1.0779481768388326,12,free,pretty good
9.4,8.82,6.32,4.62,5.24,5.09,246,0.8463040383376095,80,free,pretty good
7.59,3.9,0.66,1.77,5.44,8.31,247,0.17899052932190895,34,free,bad
2.93,3.53,9.68,12.06,6.3,8.36,248,1.4118524895761295,59,free,pretty good
11.63,4.8,0.39,4.45,8.56,4.85,249,1.009189737600151,-3,free,good
1.95,4.24,3.82,2.9,2.53,2.09,250,0.41118574928925317,-26,middle,good
0.2,2.69,8.99,-1.16,0.44,-4.52,251,0.8549886560706417,18,free,bad
8.47,9.19,1.94,3.76,5.96,8.1,252,0.3200371230071918,107,middle,great
8.74,11,0.84,5.53,3.39,3.01,253,0.6857324844962228,50,free,great
5.38,1.95,3.9,0.24,6.79,7.79,254,0.21299808748182636,-22,jam,pretty good
6.24,5.53,3.14,5.37,9.3,2.96,255,0.2716451020965388,89,free,great
1.82,2.47,7.37,0.56,-1.34,3.62,256,0.7509106419610495,18,free,bad
1.89,2.73,3.13,2.94,3.22,4.59,257,0.5147059215952836,25,free,bad
7.52,2.56,4.96,5.08,5.22,3.47,258,0.7594838069368663,54,middle,great
-0.34,7.6,2.15,5.71,5.85,-1.08,259,1.0584092719730995,78,jam,bad
-5.62,-0.67,8.34,6,7.69,6.01,260,0.9562877641892542,34,middle,pretty good
1.55,-1.32,5.79,5.38,7.47,6.67,261,-0.050099797161334836,9,free,good
8.09,5.77,4.88,6.31,8.62,7.77,262,0.34339779710530394,61,free,good
10.12,6.73,5.4,7.58,4.68,5.82,263,0.6768741260657178,79,middle,great
4.25,7.3,3.56,0.37,5.14,5.46,264,0.5131649040596834,23,middle,bad
12.14,3.57,3.51,1.73,1.61,7.66,265,0.29263888157623036,11,middle,pretty good
6.57,5.07,7.3,4.2,5.67,8.21,266,0.5740984228539662,110,free,great
2.48,7.7,6.27,2.97,6.09,6.79,267,0.31359994457491064,25,free,pretty good
3.3,5.3,5.48,8.96,8.81,1.43,268,0.8896682088419723,32,free,great
2.02,5.58,7.14,0.76,7.14,9.89,269,0.502319946683485,15,middle,great
7.43,2.79,1.03,6.49,9.82,8.81,270,0.9923719650941378,4,free,great
7.55,4.55,10.22,5.2,4.47,7.03,271,-0.19831952767965844,61,middle,bad
-1.68,8.94,2.51,3.38,7.54,6.19,272,0.31573733888742184,66,middle,great
13.98,3.79,4.82,-1.16,3.49,3.02,273,0.7504810223265334,60,middle,pretty good
1.68,5.5,6.76,5.89,8.04,5.2,274,0.07599896991856153,83,free,bad
7.59,5.11,2.16,5.48,4.82,5.45,275,0.21964703106342853,29,middle,good
3.81,7.64,8,1.6,6.79,4.19,276,0.48803133755905476,-11,jam,good
4.48,10.29,4.92,5.82,6.53,4.35,277,0.5133297006037009,57,free,pretty good
4.13,7.22,6.49,5.24,3.21,7.39,278,0.543101469642383,41,free,good
4.7,0.91,0.47,6.46,4.91,7.14,279,0.5734526899201774,33,middle,good
1.43,3.62,7.54,4.89,5.35,-1.5,280,0.23864053966505316,7,middle,pretty good
5.05,1.39,3.19,5.48,1.12,1.45,281,0.14123209411053866,105,middle,bad
2.49,10.03,7.33,5.54,8.42,8.67,282,0.371655240870824,47,jam,pretty good
5.09,2.1,1.41,6.58,3.47,7.16,283,0.5407225231458616,55,middle,great
6.34,8.84,4.81,5.35,4.67,8.46,284,0.5203511827853242,21,free,good
3.16,6.72,3.48,3.74,6.7,7.79,285,0.72598387825581,66,middle,good
3.62,6.87,2.15,4.02,10.52,2.74,286,0.6635872758524987,22,free,good
3.44,7.44,3.11,4.21,3.49,6.9,287,0.7878827194180665,7,middle,bad
4.94,3.39,2.64,4.32,5.98,1.77,288,0.0479319196695841,-1,jam,bad
0.62,3.98,3.49,2.08,5.91,5.2,289,0.6438388972910725,69,jam,bad
2.54,7,5.03,1.55,6.01,9.51,290,0.6398605935426837,117,jam,pretty good
8.15,7.92,1.96,2.47,5.6,2.33,291,0.3848678446338158,86,middle,pretty good
1.54,6.15,2.89,4.69,9.73,4,292,0.6186226121665797,82,middle,pretty good
0.65,4.73,5.83,1.63,5.59,5.01,293,0.4379066677299754,17,free,good
-0.51,7.28,7.03,4.9,5.53,8.21,294,0.8572589192778897,36,middle,bad
9.35,8.05,5.59,8.89,6.95,6.15,295,0.4743840647752997,11,free,great
6.18,1.86,0.2,6.12,-3.02,9.67,296,0.22188428126455573,25,middle,bad
2.06,2.91,5.94,10.95,-2.32,1.76,297,0.5154185720104625,28,middle,bad
5.24,0.25,1.29,-0.55,9.36,6.97,298,0.9375073349861458,82,free,pretty good
5.64,7.66,5.27,8.66,4.66,5.81,299,0.5045898557537472,36,jam,good
10.47,11.34,8.67,2.22,-6,8.39,300,0.6541421178253732,90,jam,great
4.02,0.66,4.69,6.81,6.39,4.12,301,0.16185100324755342,22,middle,great
2.4,1.99,5.38,5.26,8.29,8.1,302,0.594984757470798,30,jam,bad
4.98,3.6,11.76,4.13,4.77,6.93,303,0.44674019064534676,14,jam,pretty good
10,6.41,0.72,-0.45,2.48,6.45,304,0.6935049232419681,58,jam,bad
9.57,4.06,4.38,11.74,7.05,9.48,305,0.8112757013871426,5,free,pretty good
7.81,3.58,6.13,3.11,10,5.82,306,0.5457113642052249,39,middle,bad
3.45,6.09,-0.51,1.44,5.41,1.41,307,0.8877821594045994,20,jam,good
11.99,8.12,7.1,2.29,8.15,6.18,308,0.7826651325820642,9,middle,good
6.64,5.13,1.91,9.05,5.63,6.08,309,0.4864921623108135,71,middle,good
4,3.82,7.38,3.81,4.19,2.18,310,-0.039638261010032205,82,jam,bad
0.23,4.66,3.71,3.19,1.41,1.19,311,0.7215949782411528,74,middle,bad
3.71,5.52,-1.91,4.64,3.4,4.55,312,0.32542028469308715,40,jam,great
2.45,1.21,8.69,5.95,4.04,1.14,313,-0.13729686680550268,16,free,good
-0.29,2.98,9.92,9.94,2.32,1.3,314,0.906272532669008,108,free,great
3.33,14.97,7.45,0.94,3.52,5.86,315,0.6546732958163113,64,middle,bad
7.25,9.73,8.34,8.93,4.27,7.87,316,0.15918038728775302,43,jam,great
4.43,8.77,2.82,-0.41,3.88,7.87,317,1.1328570679388525,60,jam,pretty good
2.68,-0.12,6.11,5.11,3.07,4.65,318,0.11107387951763409,71,middle,great
4.82,2.68,0.74,5.17,6.28,2.39,319,-0.0008058110568353039,22,jam,bad
4.74,4.03,4.4,5.68,7.19,1.78,320,0.5116124771709218,60,middle,bad
1.41,4.56,4.37,4.94,4.63,3.62,321,0.4172207218807537,23,free,good
1.11,3.98,7.35,2.27,8.85,11.04,322,1.03195958430031,25,jam,good
-0.01,11.75,5.79,9.43,4,1.57,323,0.3789151534825274,66,jam,good
7.29,5.76,6.39,-0.67,5.28,3.54,324,0.13877676420011759,12,jam,pretty good
11.23,3.67,7.65,2.38,2.76,6.3,325,0.2618604338151543,25,middle,good
9.12,7.35,9.97,-3.17,5.84,-4.51,326,0.7840379545563292,36,middle,good
8.18,-0.33,8.77,9.58,1.02,0.72,327,0.48837684514621166,36,free,great
7.17,7.85,5.47,1.78,2.3,1.87,328,0.3475594850136987,137,jam,bad
-2.01,3.93,8.27,3.78,3.18,4.56,329,0.5582960855174999,15,middle,good
0.9,1.74,4.75,2.16,1.6,7.35,330,0.6149276097665372,55,middle,bad
0.12,3.76,3.73,4.16,2.67,3.59,331,0.3785158545557216,83,jam,bad
6.28,3.41,9.04,2.87,2.17,6.33,332,0.6630656806518899,46,jam,great
4.55,3.28,8.68,4.38,2.33,1.74,333,0.5912749611277432,63,jam,bad
7.5,2.8,0.86,7.67,2.94,5.48,334,0.6360147142803906,20,jam,pretty good
4.52,4.88,-0.29,4.48,6.2,0.81,335,1.1077910383070226,97,jam,bad
4.13,3.11,6.01,-1.5,4.23,6.51,336,0.5296805337900657,56,middle,bad
5.71,4.85,3.28,1.59,8.34,0.53,337,1.0243009015104425,26,free,great
10.02,8.11,5.14,10.69,3.34,2.24,338,0.07351291133726351,35,free,pretty good
6.13,5.03,7.12,2.64,3.26,3.65,339,0.42564481599436793,-3,free,good
4.82,2.28,11.86,3.18,3.44,5.56,340,1.0981598811708981,52,jam,bad
2.93,10.22,4.64,4.57,2.83,0.88,341,0.35455453807656767,8,jam,great
-1.3,0.29,6.5,-0.57,4.25,-1.42,342,-0.16635324499707016,24,jam,great
2.98,7.35,3.52,3.15,5.02,6.93,343,0.348258803211841,8,jam,good
1.25,5.86,1.26,7.87,4.58,3.99,344,0.5209735735532844,64,jam,pretty good
9.41,3.88,0.98,6.68,9.15,2.54,345,0.5981523353493905,124,middle,great
6.37,2.15,3.57,-1.86,3.66,5.53,346,0.37007590084865827,47,free,good
0.85,7.46,3.39,2.64,4.85,4.73,347,0.23979111344958354,27,free,pretty good
1.93,5.61,9.01,2.28,2.69,8.25,348,0.5902419209245326,19,middle,pretty good
3.09,3.34,10.64,4.29,8.16,7.38,349,0.5332459925301919,67,jam,good
4.34,5.51,8.73,-0.41,1.51,8.7,350,0.602061769111568,22,middle,pretty good
-1.4,-1.59,6.32,2.59,10.05,4.6,351,0.48188277824577813,28,free,great
5.41,9.37,5.47,2.66,4.84,-1.06,352,0.7767765943391245,20,free,pretty good
3.89,12.03,4.82,4.23,5.07,3.97,353,0.603608001091519,47,free,good
6.38,3.33,5.7,4.1,4.22,7.05,354,0.4251616995905242,34,free,good
6.92,7.13,5.1,7.01,2.09,-1.46,355,0.6233804089113966,83,free,good
7.08,-0.6,7.96,6.56,8.41,7.93,356,0.6105337244038456,16,free,good
1.16,1.99,5.85,2.02,6.16,5.3,357,0.619882971754133,-9,free,great
8.55,1.02,6.04,6.52,3.56,-0.42,358,0.7072960275166249,18,free,great
4.72,5.08,9.19,9.58,2.86,7.63,359,0.7817401634722749,51,free,pretty good
4.79,1.05,9.8,4.8,4.52,-3.25,360,0.6258174642472376,6,free,great
3.7,4.32,1.73,5.37,1.19,5.4,361,0.7166712334531384,21,jam,pretty good
6.12,-5.21,1.96,6.79,2.35,9.36,362,0.7763989340342647,20,free,pretty good
2.53,6.9,8.13,1.63,2.9,7.63,363,0.65071059413571,4,middle,bad
1.96,9.14,3.15,-0.7,7.21,8.56,364,0.4157785140707889,122,free,good
3.05,2.95,5.22,4.82,9.09,3.9,365,0.3090058217532523,56,free,great
6.13,8.97,1.5,4.16,6.88,5.88,366,0.37824779941003034,96,jam,great
3.71,0.43,2.8,2.94,-0.03,6.38,367,0.3712089170813168,19,jam,great
9.12,7.8,4.07,4.94,4.62,4.03,368,0.6001241715701697,48,jam,good
-1.21,7.98,4.18,5.81,1.36,4.84,369,0.3796402367841507,28,free,good
7.94,0.95,7.45,6.6,2.08,5.53,370,0.4226260728580291,44,jam,pretty good
3.82,1.92,-0.72,10.04,3.36,-0.11,371,1.0625194280246515,81,jam,good
5.53,3.72,2,5.54,4.73,5.98,372,0.4735947200907612,62,middle,good
4.86,6.42,1.93,0.91,2.8,6.74,373,-0.3199643348443413,10,jam,good
10.18,3.67,2.77,7.64,1.92,4.91,374,0.2554473750170554,17,free,bad
0.92,1.06,7.68,6.17,2.25,9.02,375,0.7210459441918293,60,middle,bad
6.18,5.15,10,4.97,3.98,2.84,376,0.4958441046164401,57,middle,great
3.64,5.41,1.88,0.9,5.64,8.12,377,0.807771196457673,46,free,great
10.25,4.19,3.07,3.03,6.07,3.68,378,0.3805506170641695,70,jam,good
5.64,2.28,12.26,10.07,4.25,7.57,379,0.625805018585583,0,jam,bad
7.33,-0.22,2,10.82,3.61,1.38,380,0.336504765562482,75,free,pretty good
1.64,2.86,8.63,2.44,-0.43,0.8,381,0.5816505447954444,5,middle,great
10.11,4.4,6.94,6.26,8.88,3.64,382,0.7510492903384183,22,middle,bad
1.97,2.24,9.45,1.84,2.74,7.14,383,0.9981990086867483,46,jam,good
1.78,7.37,6.45,5.07,4,5.98,384,0.7250032202489132,88,middle,good
4.77,8.51,2.04,2.71,1.73,3.35,385,0.5398073287338977,29,free,bad
5.74,4.25,4.87,2.79,6.16,5.92,386,0.23620753764617458,77,middle,great
7.66,-3.98,6.81,8.19,1.55,4.03,387,0.474003102292676,11,middle,bad
6.82,5.27,7.35,5.08,0.65,3.09,388,0.4335936002521198,57,free,good
3,1.65,-0.53,2.18,1.82,5.11,389,0.23811160028113476,33,jam,bad
2.31,6.38,2.54,2.1,3.51,7.79,390,0.8553077441814493,71,middle,bad
4.98,5.3,-0.83,4.39,4.47,6.91,391,0.43462229845415,49,middle,good
8.25,2.41,6.31,5.67,2.25,8.35,392,0.3098313334125907,44,free,good
4.74,3.39,-1.16,6.14,-0.95,3.57,393,-0.14428800540665965,17,jam,pretty good
4.71,4.5,8.28,2.72,3.11,4.47,394,0.6507593743417723,101,jam,great
6.15,2.52,4.44,6.36,8.97,8.82,395,-0.04359129432139508,82,free,bad
3.56,6.96,1.24,2.77,4.57,10.04,396,0.24328837798348202,6,middle,pretty good
0,2.64,2.21,3.6,7.16,-2.44,397,0.7645476179878019,95,middle,great
2.51,1.99,5.68,1.15,4.99,4.3,398,0.38934406909357366,70,free,good
5.32,7.27,5.07,3.15,1.85,9.56,399,0.32833506268600265,68,jam,good
2.11,4.25,4.84,5.61,2.58,5.33,400,0.6485937914927278,72,jam,pretty good
4.51,7.81,4.1,1.99,3.97,4.18,401,0.6100633930893191,38,jam,good
7.58,3.63,10.95,1.84,5.16,4.78,402,0.41830210396546674,43,middle,pretty good
4.01,5.86,2.52,5.5,3.34,2.94,403,0.3988202645169898,61,jam,pretty good
4.93,2.55,3.98,-0.79,6.32,0.61,404,0.09309925222392945,11,jam,pretty good
4.78,0.45,6.42,7.56,10.62,1.49,405,0.49305773171541256,35,middle,bad
7.37,3.29,7.94,0.19,7.84,1.46,406,0.31182228385044347,52,jam,great
1.29,6.48,1.58,2.48,0.82,0.65,407,0.367004301793922,0,middle,bad
7.03,0.63,4.59,11.58,1.48,5.98,408,0.9332039969660056,9,middle,bad
5.8,3.55,1.64,4.02,-2.36,4.21,409,0.12685443391180912,52,jam,pretty good
5.89,3.79,5.32,4.45,8.94,7.7,410,0.8276088653779768,39,middle,bad
-0.28,6.21,5.41,1.56,6,-0.99,411,0.13803058052259431,55,jam,great
7.39,7.29,6.94,4.12,-4.58,8.69,412,0.41309285567732545,11,middle,great
10.56,8.14,1.57,3.13,7.46,6.35,413,0.48186363398388193,85,jam,bad
11.35,1,4.87,10.3,3.8,1.06,414,0.38621563171973133,35,jam,bad
0.75,5.08,12.08,6.42,3.42,6.74,415,0.4143029581742557,69,free,good
10.27,9.21,-0.84,4.69,5.33,6.68,416,0.4802853644111628,63,jam,good
7.41,1.1,1.91,4.4,3.61,6.81,417,0.5323469729234994,0,free,bad
2.84,6.72,9.62,1.24,7.22,1.53,418,0.008259825715333846,23,free,bad
7.43,9.27,3.2,5.95,2.52,0.18,419,0.5561217599654973,6,jam,great
5.78,5.79,4.01,6.81,2.87,11.5,420,0.6440375872337584,104,middle,good
1.04,5.27,8.15,-0.62,4.23,6.93,421,0.1837977614655038,29,middle,bad
5.3,7.74,6.56,12.62,7.02,2.13,422,0.3220888891614092,83,free,great
3.76,10.62,-0.58,0.52,6.9,8.82,423,0.6491686020959262,83,middle,pretty good
6.38,0.4,2.71,5.81,6.33,6.08,424,0.6820212280705709,33,jam,great
7.22,3.58,11.56,8.86,2.53,2.93,425,0.11174709422652535,48,middle,great
7.03,4.27,2.69,5.13,-0.13,3.61,426,0.6626849072553466,89,free,bad
-1.7,4.28,7.45,0.82,4.13,6.63,427,0.4828616621221649,33,free,bad
2.49,4.97,8.27,7.03,3.52,0.16,428,0.5275440326914151,55,jam,great
2.95,5.12,8.33,3.46,5.63,4.93,429,0.08421106769761216,57,jam,bad
9.44,0.62,6.26,7.31,8.93,6.61,430,0.5077205801571523,12,free,bad
5.09,4.78,5.04,-0.09,1.92,3.21,431,0.6111049301640867,54,jam,good
6.92,-0.09,5.12,8.9,8.2,5.21,432,-0.0009484388429491508,83,middle,great
3.76,9.34,-0.15,1.29,1.2,0.46,433,0.3179729387258634,54,jam,pretty good
-1.96,5.75,8.94,3.37,7.21,4.89,434,0.8973288905173855,27,middle,bad
5.06,-2.19,2.43,7.2,4.46,4.31,435,0.2867180399220016,48,middle,great
1.45,1.77,4.61,3.55,3,8.82,436,1.0432525158238921,-8,free,good
0.85,8.51,4.45,3.08,1.57,1.66,437,0.47438382771702076,73,free,pretty good
-0.44,9.95,8.26,8.46,5.92,-0.65,438,0.44489015450284436,-1,jam,good
14.15,13.43,2.38,10.01,11.37,3.73,439,1.2160535345059844,35,jam,good
4.95,6.74,5.36,3.63,6.53,5.38,440,0.5093687866739733,35,jam,good
4.96,2.65,5.02,7.25,3.48,3.86,441,0.14728099212829787,50,free,great
7.98,5.76,6.3,4.65,6.87,2.03,442,0.20605637053480858,13,free,good
2.34,5.07,7.31,0.06,1.44,8.93,443,0.3509103856592508,27,jam,good
7.25,6.16,2.24,6.81,2.02,3.63,444,0.4552984806218502,36,middle,great
6.69,5.67,3.72,5.97,9.01,4.61,445,0.27240731850869804,33,middle,great
4.62,10.4,2.19,6,4.62,1.05,446,0.6669634115513118,-10,free,bad
5.22,5.72,4.95,2.63,2.61,1.25,447,0.21946252429453134,91,free,pretty good
8.4,0.46,0.82,2.95,4.43,3.8,448,0.46960436756935336,5,jam,pretty good
11.2,-0.97,7.87,4.59,5.46,2.06,449,0.9093974239177081,45,jam,pretty good
3.4,8.21,-0.11,1.61,1.19,8.03,450,0.6099229716565437,18,free,pretty good
5.46,2.04,2.73,3.59,4.1,2.57,451,0.21585972966986205,60,middle,pretty good
3.68,3.51,5.14,8.23,2.52,4.61,452,0.6033415552489402,11,jam,pretty good
7.8,3.87,5.17,5.44,0.13,3.82,453,-0.10730649078404475,-26,jam,bad
4.85,11.26,4.93,4.94,5.54,1.03,454,1.1096853569979372,80,free,bad
6.77,6.57,0.14,1.89,6.62,0.93,455,0.7922324718042706,86,free,pretty good
7.2,6.13,3.17,2.93,6.62,5.77,456,0.7999675281416074,39,jam,bad
4.25,4.81,2.13,8.1,-0.51,8.15,457,0.5163410302061154,70,free,bad
1.77,6.85,9.35,1.42,3.52,3.75,458,0.6810549422783965,6,middle,great
0.25,5.49,4.36,8.4,4.6,0.12,459,0.5982469172880567,18,free,great
11.67,2.62,6.85,5.23,4.92,4.13,460,0.5141441331472707,-4,middle,pretty good
5.87,7.52,2.39,4.66,6,0.79,461,0.5248906174099774,9,free,pretty good
2.97,2.82,11.36,-0.63,5.57,7.36,462,0.2104044574247777,35,middle,good
6.24,4.73,6.65,1.8,3.99,4.73,463,0.2738010926465755,-12,middle,great
9.65,7.91,7.45,8.26,3.94,2.61,464,0.845023526942645,77,free,great
8.69,3.19,5.45,-2.29,1.1,4.83,465,0.5651880358397979,60,jam,pretty good
4.49,3.41,4.96,6.01,7.38,6.52,466,0.9663182467422962,66,jam,bad
2.54,4.13,7.19,5.45,6.17,9.46,467,0.7250658425435604,65,jam,great
4.71,0.97,1.49,2.28,9.08,9.11,468,0.4402515716840241,29,jam,good
6.82,8.28,3.08,4.5,2.52,8.37,469,0.6057858443380172,64,free,pretty good
8.21,3.26,5.98,2.17,5.06,1.46,470,0.3970814458020596,31,jam,bad
3.78,2.95,9.36,3.08,9.46,-0.73,471,0.7416138647309101,107,middle,pretty good
9.53,7.2,5,11.2,7.27,4.27,472,0.4610667009497923,48,middle,great
6.47,7.19,6.32,8.77,3.57,6.11,473,0.2568928064717506,27,jam,bad
3.9,1.49,1.77,9.64,7.39,8.98,474,0.695538221634807,64,free,bad
2.66,3.27,4.03,1.35,8.2,8.97,475,0.2881569490011092,75,middle,bad
4.92,0.92,10.74,1.31,3.82,5.53,476,0.3535253547617778,-3,jam,good
9.87,3.25,7.33,7.47,6.57,4.66,477,0.7743680808706734,53,free,pretty good
4.48,9.12,2.57,11.35,9.71,2.01,478,0.5415527793052695,44,free,great
4.74,8.46,8.74,5.97,6.76,2.91,479,0.9213582422288658,48,free,good
-1.45,2.68,1.67,3.76,7.39,10.1,480,0.6853773468092047,43,middle,bad
4.71,4.4,4.49,7.06,9.65,5.76,481,0.5689927591198944,88,middle,bad
7.12,0.53,3.31,6.58,4.45,6.44,482,0.3642184306465546,50,jam,good
5.22,3.86,8.26,4.42,3.13,3.51,483,0.23477923937572204,12,jam,good
2.92,2.7,6.99,9.85,2,8.9,484,0.14540443809810794,30,jam,bad
6.77,0.02,7.22,4.82,2.9,5.02,485,0.8036415842973113,75,jam,great
2.66,7.29,0.54,7.21,10.79,11.46,486,0.45290657044222443,43,middle,good
8.06,4.47,2.37,3.59,3.99,3.45,487,0.7276977167089249,61,jam,bad
2.24,8.64,6.83,5.3,3.61,4.4,488,0.8050399218842785,46,middle,great
8.15,4.3,5.13,7.59,7.13,11.46,489,0.27045300067628075,56,jam,good
4.15,2.96,6.03,5.88,0.6,-4.16,490,0.7863382075871455,22,free,bad
4.3,7.83,3.11,3.76,9.35,4.78,491,0.8796546671407596,10,free,pretty good
4.98,6.18,9.91,3.31,5.11,4.99,492,0.01704703573079963,90,free,good
4.58,4.67,7.21,5.85,1.45,6.46,493,0.42504858219244657,66,middle,good
8.66,3.45,-1.73,2.87,4.27,4,494,0.7094000123059933,22,middle,bad
1.63,3.98,6.34,8.54,5.17,3.69,495,0.749207881501956,33,middle,bad
3.84,2.35,4.8,2.13,2.22,0.74,496,0.45672469886573897,21,free,bad
7.43,3.18,1.45,7.34,7.09,7.77,497,0.7384931159733086,51,free,good
4.77,5.01,0.46,6.52,5.61,8.99,498,0.942066140093596,74,free,pretty good
6.24,8.65,2.72,4.01,2.76,6.63,499,1.0190791510498873,2,jam,pretty good
3.82,5.9,3.5,-2.5,2.36,6.41,500,0.4428370122574304,81,jam,bad
4.17,2.19,3.91,2.52,2.46,5.37,501,0.8631062867101563,23,free,pretty good
-1.35,6.36,-1.39,6.75,4.97,7.41,502,0.7583959273171419,60,free,pretty good
5.55,5.33,1.3,5.31,9.65,-0.32,503,0.6020646886939565,33,middle,bad
3.93,3.2,3.32,1.59,5.8,8.66,504,0.25377090540822367,47,middle,pretty good
6.67,4.31,1.63,5.7,3.33,7.44,505,0.21721169384643563,78,free,pretty good
9.7,3.44,0.29,3.01,5.85,5.16,506,0.8207458197610362,47,middle,bad
3.94,-1.39,2.82,3.64,2.2,2.97,507,0.5114516948740917,89,free,bad
5.92,6.28,5.02,7.63,8.36,8.77,508,0.825124705955768,119,middle,bad
6.16,6.28,3.28,1.68,2.28,7.45,509,0.6274011625213392,25,middle,bad
5.34,6.66,5.54,2.81,5.91,6.52,510,0.46346865497427886,-5,free,bad
3.78,0.55,6.98,-1.35,8.18,6.23,511,0.29148888902990455,45,free,pretty good
3.9,-0.62,4.37,0.82,2.67,7.27,512,0.24688501879931685,87,free,good
5.4,8.49,8.65,5.29,7.43,4.36,513,0.47497224890235784,66,jam,good
7.18,2.3,0.29,4.4,9.2,0.95,514,0.8742463757883714,51,free,bad
5.01,5.79,10.79,4.65,3.75,4.61,515,0.46523822575394874,53,free,bad
6.99,4.6,2.89,4.27,5.67,4.48,516,0.6349748279832319,51,free,pretty good
7.96,-0.21,3.24,10.11,7.32,1.75,517,0.6274813816103316,28,jam,great
1.17,5.66,-3.15,1.7,5.91,2.58,518,0.7093899517725732,45,jam,bad
4.53,10.52,5.26,2.38,0.05,8.86,519,0.185536807557927,35,jam,good
3.43,9.37,2.68,2.06,9.98,6.58,520,0.7156392073370579,78,free,bad
5.63,7.83,5.91,2.05,3.68,1.7,521,0.3393391989071195,23,middle,good
1.67,2.29,11,2.46,4.52,2.41,522,0.7539168257236213,59,free,good
0.53,1.74,5.03,6.1,2.17,4.35,523,0.25056211500397896,47,middle,good
5.23,8.09,5.88,5.49,-1.02,6.72,524,0.6450478999301703,36,free,great
5.87,2.51,6.99,9.36,1.68,5.25,525,0.3699535030147572,59,free,great
7.03,-0.1,5.12,4.51,7.24,5.49,526,0.4444788946555652,13,middle,bad
3.86,2.56,3.1,3.5,1.49,3.25,527,0.5786728764722978,34,jam,great
4.64,8.52,5.03,5.89,7.02,1.99,528,0.49359986619368185,39,free,great
4.93,4.4,4.74,8.74,7.09,0.76,529,0.36297773270866784,38,jam,good
6.69,3.15,5.22,2.26,5.11,5.94,530,0.6558047710606882,98,middle,pretty good
9.23,2.26,6.37,5.12,4.1,5.27,531,0.26207660004029043,74,jam,great
7.56,7.78,7.49,7.43,6.01,5.83,532,0.1617594742838912,26,free,good
0.81,4.74,6.75,2.71,9.6,1.76,533,1.3270722225681775,56,jam,great
3.65,3.68,8.76,3.03,-2.54,11.63,534,0.6983881314222168,56,free,good
7.55,7.17,-0.53,6.7,3.62,8.02,535,1.1355786028023347,-7,middle,great
2.26,1.65,0.89,8.59,5.69,5.4,536,0.24944459414803552,16,middle,good
3.74,-0.13,4.27,2.51,7.97,8.36,537,0.24874698132116355,55,jam,pretty good
6.16,7.2,2.92,5.66,9.56,5.89,538,0.2590904801335251,74,middle,great
8.87,6.61,7.08,3.12,3.34,7.27,539,0.306766771330494,57,middle,great
5.85,3.42,2.64,2.11,8.56,4.08,540,-0.1347029895331463,20,jam,pretty good
4.32,5.93,10.56,5.39,2.6,5.81,541,0.3433349408270683,42,middle,pretty good
1.96,6.38,9.42,4.15,6.92,3.83,542,0.21432711982448788,44,free,great
7.06,3.46,4.14,0.89,4.2,2.14,543,0.8679056877173068,81,free,good
4.05,6.81,0.81,4.44,9.47,7.12,544,0.7290878170655473,20,free,bad
4.53,4.37,5.76,4.87,5.37,7.22,545,0.7282493436655004,38,free,great
6.06,9.62,7.15,7.12,8.99,2.92,546,-0.010227427192255223,2,middle,bad
5.48,3,7.27,1.04,9.37,6.91,547,0.3311206751019553,64,jam,great
4.49,1.57,4.51,6.97,4.6,-0.13,548,0.216771787705897,113,free,great
6.74,5.98,0.92,5.31,1.26,1.02,549,0.2544281305797814,25,free,good
1.08,2.34,3.78,5.43,7.02,6.75,550,0.8790840908128068,36,jam,pretty good
3.66,-0.94,2.12,6.52,5.06,4.75,551,0.036023364994907714,32,middle,bad
5.91,-3.42,3.16,8.11,4.94,8.23,552,0.279985313774324,61,free,great
7.72,7.56,6.03,6,4.01,2.31,553,0.8806176347421671,48,jam,pretty good
1.21,6.1,4.62,5.4,5.11,6.92,554,0.3839397329447626,45,jam,pretty good
8.31,8.4,5.19,5.72,6.79,2.42,555,0.13288707279246864,29,jam,pretty good
4.4,4.97,4.44,9.36,8.66,2.15,556,0.9514907218277456,-19,free,bad
0.17,0.13,6.64,10.98,8.14,8.54,557,0.7095144654231706,47,jam,pretty good
4.87,0.44,1.61,5.65,4.57,5.96,558,0.2595521873462684,75,free,pretty good
5.88,8.31,6.48,6.85,7.48,0.44,559,0.5020775135619165,46,jam,great
2.69,5.93,2.9,5.12,7.61,8.24,560,0.9166651629644653,18,free,pretty good
2.42,2.83,7.32,6.51,8.04,0.72,561,0.5870271030846697,9,jam,bad
10.15,5.31,1.18,5.53,3.25,5.1,562,0.7634813714660467,73,free,great
9.15,5.75,2.93,6.8,3.12,7.16,563,0.9876845648056571,104,free,good
9.75,-1.27,7.67,2.64,3.57,7.07,564,0.5322391338907865,103,jam,bad
4.76,8.16,2.14,-2.29,9.17,4.55,565,0.388886311856373,61,free,pretty good
1.35,3.34,8.35,5.39,3.88,8.4,566,0.1443169971334861,59,middle,great
7.08,3.61,8.53,7.67,0.98,0.54,567,0.0010890206120455215,49,jam,bad
2.48,6.69,1.45,-0.05,13.3,5.3,568,0.11326094366872613,81,jam,pretty good
4.03,-0.47,6.2,-1.2,7.97,6.52,569,0.6179821429423467,65,jam,bad
8.88,5.02,1.84,5.27,6.36,8.47,570,0.6048673935448828,90,free,pretty good
5.74,6.22,4.82,5.87,6.29,-1.36,571,0.8395115460821719,24,jam,pretty good
7.3,8.44,7.14,6.6,11.95,2.38,572,-0.10072596192249172,69,middle,great
0.25,5.54,-0.19,2.08,5.09,7.8,573,0.4568033769581094,58,jam,great
9.43,11.19,5.48,4.79,3.26,13.96,574,0.8050524325737107,23,jam,bad
5.42,2.31,2.43,5.1,2.33,7.02,575,1.2324713219773247,69,jam,good
12.42,3.79,5.32,2.44,5.8,3.53,576,0.4148304595470004,20,free,pretty good
3.67,9.77,6.61,4.49,7.45,2.12,577,0.5001832252111146,10,jam,good
2.73,4.6,8.1,8.29,6.97,-0.14,578,0.3613109558207086,106,middle,great
6.25,7.45,3.46,6.75,3.16,6.07,579,0.2151138093837443,96,free,bad
4.16,2.23,6.85,4.68,1.27,2.56,580,0.5924934050293597,32,middle,good
1.83,6.75,5.93,8.09,2.64,3.16,581,0.03102200333692956,87,free,good
9.57,5.87,11.2,4.51,0.51,3.1,582,0.5997165884285447,34,middle,good
0.71,5.75,6.23,2.9,4,7.14,583,0.2718184768502674,82,middle,great
3.72,6.27,3.55,6.66,1.88,6.88,584,0.8210204506353356,91,jam,pretty good
5.05,5.68,3.55,4.89,0.54,0.17,585,0.9311950514647679,36,middle,pretty good
4.94,5.24,2.03,4.22,3.42,4.02,586,0.5878942355484498,72,free,pretty good
7.49,9.97,0.59,14.04,8.31,7.21,587,0.7163581556743992,87,free,bad
8.46,-2.11,6.99,9.3,4.77,3.5,588,0.24132970569886633,44,middle,bad
4.99,5.03,6.14,1.03,6.03,8.42,589,0.743206749695925,65,middle,bad
5.91,8.42,7.31,5.31,4.3,0.19,590,0.5487692549118997,2,middle,great
3.62,-0.33,4.92,1.86,1.55,5.58,591,0.7458962170079602,76,jam,good
10.46,6.84,5.24,2.4,5.98,6.58,592,-0.04261133668602257,72,free,good
3.18,1.83,9.65,1.74,4.41,0.95,593,0.041584285570206936,77,middle,great
4.52,7.93,4.1,4.69,-0.39,7.35,594,0.40472150986704564,5,jam,great
6.01,5.52,3.99,5.54,8.54,-1.61,595,0.6382054151666536,22,middle,great
8.73,4.21,2.66,5.78,3.04,2.29,596,0.37648178410527977,91,jam,pretty good
5.61,7.95,6.92,4.82,1.71,5.66,597,0.22960500951601076,2,jam,bad
5.16,2.17,5.04,3.06,5.71,7.67,598,0.8903367608854932,49,middle,good
-0.97,-0.19,4.63,-0.05,4.4,1.13,599,0.20650568173857092,120,middle,bad
-0.31,5.64,2.9,3.56,5.59,2.89,600,0.8043385026895006,43,middle,pretty good
7.86,3.25,-0.78,3.25,5.25,3.1,601,0.679190581202773,38,jam,great
3.67,7.19,4.61,4.89,5.93,3.03,602,-0.20252518776512107,47,middle,great
2.41,10.61,8.25,2.68,2.68,2.45,603,0.1265856598092624,79,middle,bad
5.97,8.32,7.47,5.47,2.79,5.23,604,0.8467330728024028,99,middle,bad
9.3,7.15,0.54,0.7,6.37,1.68,605,-0.008440867956304221,5,jam,pretty good
10.19,8.68,-0.41,8.8,3.53,1.68,606,0.4430624949992437,91,free,great
5.9,6.31,6.5,2.8,3.43,6.98,607,0.42550506510242075,26,middle,great
5.52,4.13,4.49,9,1.88,8.01,608,0.8301002079008014,86,free,bad
6.23,2.91,11.55,5.58,7.11,2.81,609,0.2891097949938851,-14,middle,bad
-0.45,7.3,3,8.39,8.24,6.86,610,0.22460433905003457,69,middle,good
-1.26,1.36,1.48,6.74,3.92,-0.84,611,0.760289543363593,47,jam,good
3.47,6.54,3.82,6.12,4.61,-1.39,612,0.4650726510757064,46,middle,good
3.92,-3.1,6.11,2.29,4.97,6.56,613,0.6200470260417923,48,free,good
2.43,4.18,3.19,5.93,7.5,6.55,614,1.0049048455771556,33,free,good
3.15,7.96,10.58,2.82,-1.31,4.22,615,0.3833205208216549,74,jam,pretty good
6.97,6.93,6.52,7.79,6.46,4.82,616,0.5839964091799522,3,middle,great
9.31,1.55,3.6,8.88,5.07,7.37,617,0.4629894641943112,-4,free,great
6.19,4.39,8.05,4.78,3.15,5.81,618,0.5064057209502105,52,middle,pretty good
9.13,6.12,3.34,3.19,7.17,8.11,619,0.2518864110635879,31,middle,good
3.73,10.57,1.58,5.88,8.46,2.56,620,0.5929320504017419,56,middle,bad
4.26,6.45,6.86,2.64,4.72,2.87,621,0.4501780094438916,70,middle,pretty good
-0.55,3.96,5.08,5.1,7.96,8.79,622,0.32963988931371313,76,middle,pretty good
4.14,7.1,6.03,3.09,10.6,4.81,623,0.548088093767811,57,middle,bad
1.2,4.93,4.43,5.78,-1.33,2.96,624,0.9001736184274982,57,free,great
2.53,2.64,4.44,1.64,8.75,1.4,625,0.2284432397994723,82,free,good
8.11,8.48,6.48,3.57,3.86,3.78,626,0.5848797935959151,58,free,bad
9.37,-1.61,-0.34,8.79,0.3,5.15,627,0.7187946887818334,41,jam,pretty good
4.82,2.57,3.7,5.36,3.68,7.89,628,0.4407642607087125,52,middle,good
0.55,6.2,-0.52,5.33,4.04,9.5,629,0.6553408183897663,29,free,pretty good
6.77,5.94,5.1,6.91,6.49,6.82,630,0.5833208481986187,79,jam,pretty good
3.74,3.79,1.89,5.39,1.94,7.98,631,0.3406972434523836,72,jam,bad
8.45,7.93,7.88,3.92,-2.27,5.56,632,0.8142558458606655,100,free,good
3.86,3.49,5.79,2.26,2.69,3.23,633,0.2432279858222258,86,free,great
8.07,6.11,3.45,5.61,3.51,1.71,634,0.45512127932081947,18,free,pretty good
6.09,3.11,7.69,1.06,9.77,3.84,635,0.33980903346846325,95,jam,bad
5.7,4.86,6.76,5.76,11.62,3.99,636,0.231926799651187,31,jam,pretty good
5.91,3.9,3.56,6.51,6.03,6.72,637,0.39400105333798824,-2,jam,good
12,5.63,1.23,5.83,5.39,5.69,638,0.3272825898085738,28,middle,pretty good
5.99,1.57,4.15,5.82,4.07,7.76,639,0.3264323925200821,48,middle,great
5.1,10.91,2.92,2.3,4.34,1.77,640,0.5819384948631666,89,free,good
4.3,2.24,7.45,0.59,10.58,8.15,641,0.16346412690843692,2,free,great
4.96,2.75,5.23,2.29,2.89,12.19,642,0.6134583211071216,56,middle,great
0.55,5.3,3.12,4.74,3.64,1.96,643,0.6374949817265103,70,middle,bad
-0.1,4.97,6.72,5.43,4.25,6.87,644,0.7886101246171846,47,free,great
8.47,7.55,-1.14,4.46,5.24,0.25,645,1.2235271426689813,53,jam,bad
7.78,1.88,4.01,3.14,-0.67,6.47,646,0.9236072490958214,99,jam,bad
5.9,1.97,5.66,5.46,7.98,6.07,647,0.5182834813744576,72,middle,bad
5.07,6.73,1.83,4.17,5.93,2.35,648,0.8789671270094805,37,middle,pretty good
7.78,2.08,1.98,6.72,3.4,6.64,649,0.4596890746061597,49,jam,bad
7.22,2.8,3.58,8.26,5.26,4.3,650,0.348414724251742,46,free,bad
3.44,3.61,1.52,1.59,7.88,3.82,651,0.39102977953587625,53,jam,great
4.05,8.08,4.26,6.8,5.55,5.72,652,1.0284547434920204,26,free,good
6.73,7.4,8.26,2.37,-0.04,6.54,653,0.7094637026517777,83,free,good
3.44,9.29,3.14,8.18,6.72,2.54,654,0.12773541100615116,126,free,good
2.29,10.87,5.29,10.04,3.37,3.48,655,0.5490306392667728,20,middle,great
7.37,7.09,8.24,7.86,6.27,5.55,656,0.6297273396416354,1,free,pretty good
7.65,5.7,0.24,5.16,3.89,7.25,657,0.5054830631521332,62,jam,good
3.78,2.04,2.67,1.81,1.4,4.34,658,0.5183695135395006,70,free,great
6.21,11.54,7.35,4.25,4.52,6.08,659,0.6389344467659349,13,free,bad
4.49,5.17,2.97,11.25,5.21,6.32,660,0.7720226898035196,119,free,bad
3.11,5.41,-0.43,1.88,4.69,7.14,661,0.12680957657518582,62,middle,great
3.34,7.83,12.83,7.27,2.67,3.38,662,0.5603375450087908,40,middle,good
-0.93,2.32,0.28,4.46,0.01,6.74,663,0.44618789912006124,22,middle,great
-2.9,3.12,8.45,4.46,3.13,2.25,664,0.33814241817707497,54,free,pretty good
6.48,6.09,2.9,8.35,6.94,4.77,665,0.5540995954209191,50,jam,bad
7.29,8.51,9,4.77,8.25,6.1,666,0.8017005835996425,15,jam,pretty good
4.96,6.9,0.01,11.81,7.69,-0.93,667,0.5592330328059182,72,free,pretty good
7.18,8.24,5.09,7.12,4.77,-1.34,668,0.528357037014431,71,middle,pretty good
1.83,12.01,6.59,3.08,2.14,2.14,669,0.461350685642519,-12,middle,good
9.54,5.13,3.79,3.34,2.42,10.28,670,0.4571077623178784,88,middle,bad
0.94,2.39,10.82,8.1,3.36,6.09,671,0.592421187166386,89,jam,bad
7.22,7.77,6.37,5.94,-3.17,4.17,672,0.5435554310454694,52,jam,good
3.35,2.76,3.55,5.18,6.54,8.63,673,0.7969708332810372,90,free,great
7.19,6.35,3.5,6.97,4,4.94,674,1.0043224162131095,61,free,great
5.64,6.55,8.51,8.03,1.32,8.11,675,0.3402170256220298,74,middle,good
3.1,7.75,10.48,1.15,1.97,0.57,676,1.1357692527534957,73,free,bad
1.96,10.84,4.32,1.73,7.03,6.58,677,0.5751050664191738,68,free,pretty good
0.81,1.04,3.54,5.64,1.25,1.16,678,0.34837792477891755,59,middle,great
3.87,2.33,2.21,4.77,6.1,6.57,679,0.5172250828681427,53,middle,pretty good
3.71,6.2,13.11,4.99,-0.18,4.24,680,0.8484021657940963,15,middle,pretty good
2.25,1.55,5.46,3.27,6.57,7.03,681,0.44601171422580854,67,middle,bad
4.92,1.09,4.88,9.4,2.36,1.77,682,0.3578720780849375,59,middle,bad
1.04,6.04,3.13,1.66,7.86,7.01,683,0.44653976403029944,38,jam,good
2.76,4.9,2.58,3.52,1.97,5.38,684,0.27132092674787767,34,middle,great
4.59,8.4,2.59,6.74,5.55,5.41,685,0.5097139825940683,122,middle,pretty good
0.85,1.98,3.8,8.24,-1.89,7.85,686,0.4453239501573468,-33,jam,bad
1.56,5.07,9.78,0.75,4.75,5.26,687,0.7256157393596345,70,free,pretty good
4.45,6.52,-0.52,1.8,7.58,3.38,688,0.03695072427626789,45,free,great
9.62,5.11,3.2,-2.01,1.35,0.69,689,0.09914721077055944,-3,free,pretty good
5.63,9.2,6.76,0.22,5.7,7.76,690,0.5475366991342167,102,jam,great
1.77,-0.1,1.85,-0.22,3.95,6.72,691,0.5295748899586965,61,jam,pretty good
1.37,9.01,6.33,7.66,0.39,7.59,692,0.22385157003412748,37,middle,bad
-0.59,2.43,6.55,7.83,2.7,6.07,693,0.20670140831881256,112,jam,great
3.56,4.95,5.89,5.88,6.92,2.53,694,-0.02274575221472963,64,middle,great
3.98,8.21,7.65,8.4,2.37,8.52,695,0.39308630877608985,23,jam,great
7.51,5.43,5.71,7.12,8.57,1.76,696,0.5031656094716812,71,free,good
3.46,2.91,6.27,-1.65,3.32,3.05,697,0.07134385483312788,91,free,pretty good
6.5,3.98,4.85,2.58,6.37,7.95,698,0.20254998390621726,44,jam,good
0.66,3.71,-1.31,7.2,2.24,1.58,699,0.5521888065410543,44,free,pretty good
8.23,7.76,9.2,2.48,9.25,6.45,700,0.02125522345787778,55,free,good
8.06,2.93,8.07,2.04,4.22,4.94,701,0.4655969476679333,112,jam,pretty good
5.37,5.14,7.71,13.8,7.91,-2.76,702,0.8603510647910266,65,free,bad
6.66,8.86,2.94,12.21,0.4,4.11,703,0.9711866928880128,76,free,bad
7.5,6.32,8.5,3.6,6.3,1.44,704,0.07859801053636511,86,free,bad
9.1,8.66,3.38,4.86,10.88,2.29,705,0.15245055329253582,24,middle,good
6.28,3.55,2.86,-1.12,6.02,1.24,706,0.4658980843769451,55,free,great
6.83,7.85,5.63,10.69,9.27,5.67,707,0.49017728434376007,18,free,bad
-1.28,1.15,4.95,2.16,5.45,7.9,708,0.4638608301485224,-40,jam,bad
10.87,4.49,0.21,8.14,4.81,3.74,709,0.5830964525793618,39,middle,great
3.67,6.21,3.64,5.78,2.07,2.3,710,0.35391168085096164,5,middle,good
9.57,0.3,5.83,6.35,0.78,6.39,711,1.0743985806696554,18,free,bad
1.59,7.38,10.29,0.21,4.88,6.31,712,0.331871160252868,66,free,pretty good
2.88,8.48,9.2,7.9,6.98,5.97,713,0.2939351209436897,25,middle,bad
3.42,6.55,7.11,5.42,6.78,6.81,714,0.7143501209920966,-22,middle,good
2.15,5.52,3.23,6.86,4.34,-0.41,715,-0.004000128505976475,-16,free,pretty good
4.38,2.61,2.28,2.95,8.65,3.76,716,-0.009831838093037948,-13,middle,good
6.89,4.46,-0.11,4.99,5.17,6.79,717,0.15787349101938108,36,middle,pretty good
2.35,2.31,-0.16,3.2,4.28,6.9,718,0.3559597500231669,49,free,great
-2.09,5.73,-0.53,7.1,3.09,6.44,719,0.1350414168233175,47,jam,good
1.87,4.92,5.99,4.3,2.11,3.06,720,1.107649413915614,43,middle,bad
4.99,8.36,5.32,7.18,7.14,4.56,721,0.8555044061616883,60,jam,bad
4.51,5.37,10.06,9.57,4.54,2.8,722,0.3181467330854944,137,free,great
8.42,3.79,13.54,-0.15,6.02,4.54,723,0.3090639985915068,39,jam,bad
2.37,3.32,8,10.15,0.57,3.74,724,-0.014883380836034243,37,jam,bad
5.53,4.45,1.37,5.49,-0.3,7.67,725,0.5322962114555131,14,middle,good
-0.12,2.83,-0.94,2.61,6.85,9.58,726,0.8027174671985784,-10,free,bad
5.15,2.8,4.52,6.16,2.29,-2.22,727,0.41384478704796296,41,jam,good
4.81,3.02,6.31,3.8,5.03,10.82,728,0.5045033470291836,8,jam,pretty good
6.99,6.71,4.98,8.31,4.99,-0.07,729,0.2233313140730981,38,middle,great
4.98,5.34,5.22,3.47,8.15,2.92,730,0.03997728588722593,72,free,good
6.52,7.42,-0.66,5.74,8.93,4.38,731,0.34647792309151326,14,free,good
5.13,4.73,3.14,7.46,6.19,3.16,732,0.002357744058652189,68,middle,great
-0.54,4.46,7.16,11.44,5.72,11.62,733,0.03653219025734228,73,middle,good
4.48,1.12,0.7,4.64,8.56,3.05,734,0.5875157032989766,54,middle,great
8.2,3.42,4.01,3.63,6.57,3.72,735,0.9580482094760484,12,middle,bad
3.74,7.55,4.83,7.32,3.03,2.23,736,-0.01531086747833843,81,jam,good
9.29,0.76,2.73,5.32,0.61,4.67,737,0.7750664468852418,69,jam,great
8.46,2.27,2.07,7.01,6.07,0.36,738,0.1949359761928281,61,free,pretty good
7.98,2.41,5.77,5.74,9.35,5.08,739,0.7300718252636323,42,jam,good
5.94,0.5,5.88,7.47,3.08,3.58,740,0.9092854475915547,63,jam,great
3.26,8.6,8.49,-4.02,11.23,6.17,741,1.465631291656989,38,middle,great
2.16,6.35,4.66,-3.45,4.86,3.75,742,0.32054318897079753,63,free,good
1.87,3.45,3.48,4.8,2.31,6.24,743,1.2425880936052116,32,jam,good
3.98,4.38,5.53,4.72,5.55,3.22,744,0.5519372633004309,99,jam,great
6.66,13.95,4.6,4.89,6.84,6.85,745,-0.0823698595142196,3,jam,bad
8.3,4.79,8.59,7.92,5.56,4.32,746,0.580502933917691,73,middle,great
5.65,-0.85,7.08,5.5,6.72,9.66,747,0.06369691300798863,54,free,bad
2.59,3.13,6.14,4.83,6.86,8.95,748,0.5091849708732866,75,free,great
7.18,5.97,4.76,-1.23,0.98,0.86,749,1.1956275544845,54,free,great
5.13,2.04,1.67,5.22,3.91,6.04,750,-0.08357238322477722,40,free,bad
3.56,8.63,8.3,9.2,7.62,7.06,751,0.490219238711008,0,free,pretty good
5.26,2.9,1.52,6.02,3.12,0.95,752,0.4443457773195364,32,middle,pretty good
3.14,6.37,0.81,6.19,8.28,2.18,753,0.522233187549152,20,jam,good
6.35,10.65,0.81,-0.42,1.11,0.52,754,0.2087525150851306,94,free,good
0.27,4.09,7.19,6.06,-0.04,1.09,755,0.4624628706306133,-10,jam,great
13.43,5.48,7.87,3.23,4.6,2.25,756,0.30666692955035224,67,jam,bad
6.68,7.12,1.88,5.58,6.39,3.97,757,0.6410315693303076,28,middle,good
8.32,6.97,6.39,3.73,2.68,4.82,758,0.5449028669874905,69,middle,bad
-2.6,8.55,7.5,6.41,7.84,3.99,759,0.6466152336712336,43,free,bad
2.32,11.63,-0.5,7.03,10.54,7.05,760,1.0717335724841814,51,jam,pretty good
9.08,2.75,3.41,2.56,1.68,7.37,761,0.14059619195747441,37,jam,good
4.76,5.53,6.38,4.67,8.67,4.31,762,0.8295884449551592,33,middle,good
1.17,1.52,6.05,1.3,4.82,5.01,763,0.4674305595306218,26,free,bad
1.4,2.82,4.51,7.04,6.88,4.48,764,0.39039315667005536,28,jam,bad
1.2,6.65,3.94,-1.11,5.35,5.96,765,0.6775660071386005,67,middle,great
9.51,1.5,3.86,2.43,-0.18,0.8,766,0.8448023645046375,52,middle,great
9.03,-0.46,-1.91,6.62,4.04,0.98,767,0.39703563093084904,56,jam,pretty good
9.13,0,6.29,6.58,4.72,5.13,768,0.7323157777203497,12,middle,bad
8.43,5.62,5.05,4.67,7.99,3.74,769,0.45415903133118507,75,middle,great
10.87,6.52,7.2,10.93,5.34,9.08,770,0.8578079175212787,56,free,pretty good
2.6,6.74,0.65,2.23,2.53,5.86,771,0.6469039381482881,60,free,good
3.01,4.53,0.24,3.6,6.14,2.04,772,0.6366914694086208,21,middle,pretty good
1.79,2.91,4.86,-0.54,6.49,3.66,773,0.2916291074711078,34,free,good
4.31,5.73,4.93,9.96,5.58,4.51,774,0.33849407948933297,26,free,good
4.6,6.25,2.46,2.44,8.92,8.25,775,0.6604871889724823,28,middle,great
0.9,0.32,3.99,7.24,1.73,4.55,776,0.2657419040173416,96,middle,bad
-0.14,5.35,8.21,5.84,5.32,6.34,777,0.6034471039078974,25,jam,great
1.87,5.96,4.04,5.84,1.97,12.32,778,0.23261892636029352,12,middle,bad
1.15,9.94,4.03,6.66,0.2,8.43,779,0.7259624237110187,64,free,bad
4.59,2.82,6.55,5.33,3.48,11.36,780,-0.16838654682158904,55,middle,pretty good
2.69,7.33,5.84,3.41,5.7,1.93,781,0.11214094248147966,24,middle,pretty good
8.84,11.6,8.29,-0.7,7.84,1.31,782,0.771495159727199,43,free,great
4.13,3.29,5.03,6.71,6.74,6.75,783,-0.11577014800700125,109,middle,good
10.17,3.71,9.61,5.67,2.69,3.89,784,-0.17993108003307,84,free,bad
7.36,1.48,6.95,10.92,8.76,2.89,785,0.44260025285257365,30,free,bad
5.41,8.96,3.01,1.61,-3.53,2.36,786,0.7787519717061484,30,middle,good
6.27,5.75,4.67,2.3,7.49,3.57,787,0.89183689724939,48,jam,pretty good
5.57,8.16,5.9,8.08,4.62,4.3,788,0.8660124580767183,49,middle,pretty good
7.49,9.73,9.51,-0.88,4.87,12.72,789,0.455237261248312,92,middle,pretty good
8.29,5.22,2.68,7.41,5.19,7.35,790,0.0803655407585615,92,free,great
-0.55,4.37,5.09,9.33,-1.45,6.49,791,-0.040676239384034085,25,middle,pretty good
4.14,0.58,-0.13,-0.09,5.69,4.6,792,0.07507317156850057,54,middle,good
5.36,5.4,0.99,0.57,1.39,5.99,793,0.8671261886563084,38,jam,bad
8.81,5.19,2.84,6.51,-1.83,2.05,794,0.3176109571619916,66,free,good
3.75,3.21,4.3,7.11,7.44,-0.51,795,0.5532882972395343,51,free,great
3.76,1.14,4.5,12.43,9.84,-0.6,796,0.268385759177325,8,free,pretty good
11.56,6.32,7.64,6.57,6.67,7.44,797,0.9170466795564409,79,middle,bad
3.43,2.35,6.9,3.93,5.62,3.13,798,0.2871345926749374,59,jam,bad
5.25,7.88,8.1,1.1,7.59,6.64,799,0.9466172518971568,17,middle,good
5.66,6.46,0.28,8.44,4.01,4.72,800,0.5543744878263083,47,free,good
10.02,6.53,7.35,3.37,6.26,5.54,801,0.6733692433157173,18,middle,bad
9.08,-1.08,5.58,-1.11,8.07,5.17,802,-0.13459463678875194,38,middle,great
4.67,3.02,2.61,4.22,5.43,7.55,803,0.2904549492864249,85,middle,good
8.22,10.21,0.29,3.55,5.32,2.62,804,0.27621329846341713,43,jam,pretty good
5.77,4.68,10.49,9.11,4.1,5.47,805,0.002430255693346539,-23,jam,bad
-0.93,1.4,3.69,6.23,7.16,6.24,806,0.6630729066732242,29,free,great
5.02,0.28,8.7,8.4,7.87,2.79,807,0.4998778722345849,61,free,great
3,-0.69,6.29,9.29,1.28,4.58,808,0.6825060673500803,42,middle,pretty good
4.97,4.59,0.63,5.44,5.03,3.47,809,0.5055560122723953,18,middle,great
6.41,4.52,8.62,3.98,3.57,-1.13,810,0.8015226451646054,-11,jam,pretty good
3.58,5.51,8.05,6.06,4.98,3.33,811,0.14348128786983488,57,middle,bad
3.21,6.27,4.2,5.37,4.84,5.34,812,0.3014936366657526,86,middle,bad
4.54,5.52,4.13,4.19,1.27,3.53,813,0.09631769735116541,110,jam,pretty good
5.23,6.67,4.17,3.32,-0.78,5.22,814,0.4757365029440153,22,jam,good
5.77,1.1,6.51,8.95,7.02,9.22,815,0.24923749926646316,30,jam,good
10.27,3.7,5,2.69,7.73,8.15,816,0.0959392646681857,88,free,great
8.96,8.34,5.23,1.87,2.18,2.06,817,0.04826000267834252,4,middle,bad
3.85,6.21,6.32,7.34,0.17,6.77,818,0.6804918149231195,60,free,pretty good
4.18,1.13,4.38,4.62,4.67,10.57,819,0.6488816784168557,45,middle,great
4.23,8.33,0.75,8.72,1.06,6.74,820,-0.4414405872022662,32,jam,bad
1.79,8.76,8.79,6.24,7.14,5.22,821,0.47586246178091973,73,free,pretty good
3.03,-0.22,3.51,5.46,6.3,0.32,822,0.29222097992292617,-16,jam,bad
6.33,0.59,8.53,5.01,9.54,-1.69,823,0.6666310845216494,84,free,pretty good
1.14,4.64,-1.31,4.4,3.14,11.79,824,0.46081496254152243,59,middle,good
-3.03,7.5,1.19,7.87,3.15,8.88,825,0.24830267991063978,36,jam,great
5.58,0.75,11.21,0.75,5.67,0.75,826,0.5891331777248292,42,free,good
1.32,3.13,5.34,7.2,6.85,7.73,827,-0.06517207973419747,-2,free,pretty good
8.68,6.07,1.73,2.78,7.45,0.88,828,0.5807325319311136,11,free,pretty good
8.48,1.63,3.31,7.26,10.44,6.23,829,0.46965216876473664,49,jam,bad
3.85,6.32,8.8,6.56,3.48,-2.2,830,0.1765882604357158,60,middle,pretty good
3.55,2.1,4.5,3.07,3.92,4.81,831,0.6748544475737062,56,free,pretty good
4.81,2.41,5.02,4.35,6.37,-1.31,832,0.29592012996320055,45,middle,pretty good
4.51,0.35,-0.51,7.54,6.39,6.73,833,0.854872809149588,52,middle,great
6.89,12.82,7.39,5.55,3.21,3.44,834,0.216311812820621,41,middle,good
3.35,6.38,4.55,5.84,2.42,2.96,835,0.8503099035444652,43,jam,great
4.41,6.5,1.36,4.82,5.02,7.73,836,0.6033895537447483,108,middle,pretty good
3.55,0.64,0.35,3.18,1.75,-1.89,837,0.304286835594272,85,free,pretty good
8.45,1.56,6.83,3.1,6.4,1.55,838,0.788674074563159,23,jam,good
6.84,4.27,6.2,4.88,7.42,7.61,839,0.26132411463741057,57,free,pretty good
6.35,8.37,0.18,6.91,5.12,3.37,840,0.6778926319155264,90,jam,bad
3.68,5.39,2.76,0.62,2.15,1.71,841,0.7846057771629339,75,middle,good
8.84,2.38,7.27,4.15,3.67,1.8,842,0.8135395614032962,61,free,good
0.67,4.26,5.94,6.36,2.53,5.75,843,0.37715828780478106,22,middle,pretty good
2.02,7.91,1.79,5.92,2.1,6.03,844,0.2768570953877929,52,jam,great
1.84,2.43,2.3,0.6,4.29,4.25,845,0.8837942110941246,67,jam,pretty good
9.58,-0.11,-3.08,6.76,8.79,0.56,846,0.7615888601634162,35,middle,pretty good
9.2,2.32,7.13,1.17,5.33,7.6,847,-0.002686657095396505,25,free,good
7.49,6.1,2.56,4.48,2.41,8.91,848,0.5629582555468747,73,middle,pretty good
1.37,9.8,9.89,7.39,4.47,6.61,849,1.0242345879917496,65,middle,pretty good
6.19,6.7,3.59,6.55,8.9,3.25,850,0.2844669330674109,26,free,bad
3.3,6.09,-1.75,7.71,3.47,3.71,851,0.7414979592122009,72,jam,pretty good
7.54,5.05,5.01,4.24,4.4,10.54,852,0.7387263465478687,71,free,good
3.57,3.21,3.61,1.75,3.37,6.5,853,0.49400811554234086,42,middle,bad
7.53,8.54,1.56,-0.15,0.31,4.46,854,0.206572777008865,87,middle,bad
6.04,3.15,0.41,8.34,10.81,2.05,855,0.7015061580128195,68,middle,bad
7.14,1.07,7.06,8.66,6.43,3.01,856,0.45665787152796156,21,jam,good
7.19,8.73,1.79,8.87,-0.23,1.42,857,0.6625510337919706,43,middle,great
4.69,3.14,0.09,6.73,8.09,4.69,858,1.2196849890908972,45,jam,bad
2.74,9.63,4.07,-0.18,5.61,4.46,859,0.14360003823376277,49,free,good
3.38,5.17,10.6,10.79,0.91,7.98,860,1.0575961558019922,51,free,great
2.34,2.1,1.94,4.26,7.74,1.59,861,0.9770645919245493,81,jam,bad
6.23,4.86,2.94,4.08,4.85,5.86,862,0.2362370406099702,24,free,good
2.46,7.54,9.1,5.84,6.36,7.43,863,0.7538423889358975,31,middle,bad
9.84,5.73,4.24,11.43,9.25,1.42,864,0.4506135381627474,64,middle,bad
4.9,7.04,6.59,5.1,9.68,8.87,865,1.0381970621408216,58,middle,pretty good
3.26,5.48,3.91,4.27,9.18,5.37,866,0.2576869493319556,42,jam,pretty good
8.96,1.35,4.08,4.67,5.85,3.34,867,0.5077266864044966,81,free,pretty good
6.62,4.83,4.06,-0.64,3.63,8.47,868,0.2983935892602788,48,middle,great
2.85,3.94,2.73,1.64,8.2,3.85,869,-0.14304699510411767,53,jam,good
4.18,1.43,10.84,5.54,7.89,10.65,870,0.1943073286523624,49,jam,good
9.88,3.13,2.52,-0.24,3.96,2.33,871,0.7482269141454344,64,jam,pretty good
0.53,7.39,0.34,8.16,8.35,9.18,872,0.26685302530883515,83,jam,good
2.26,2.91,1.62,2.44,5.44,2.82,873,0.8049835751689418,52,middle,bad
9.99,9.6,3.97,7.95,6.38,5.67,874,0.5873440041501994,71,middle,good
1.53,7.19,7.14,4.03,4.63,9.25,875,0.5275648738637743,31,free,good
7.05,4.88,5.73,6.93,1.22,6.23,876,0.2105159946762013,41,jam,pretty good
5.47,3.22,3.66,5.58,6.43,1.73,877,0.5568842129849655,59,jam,pretty good
4.79,1.19,6.23,3.98,8.48,7.46,878,0.14106188753733767,83,free,great
4.9,4.8,7.25,-1.84,2.73,9.51,879,0.7894269703477204,78,free,good
7.13,9.25,4.28,0.49,4.87,1.15,880,0.5175459392159495,-29,free,good
7.69,0.03,1.09,8.54,0.47,-0.45,881,-0.06729626632219887,61,free,great
4.38,4.6,-2.52,1.11,0.38,1.95,882,0.8346928743856143,27,free,pretty good
6.63,4.68,4.3,2.28,2.98,8.53,883,0.5896865235307671,11,middle,pretty good
7.9,6.78,5.67,1.35,-1.36,-2.65,884,0.3723801122083554,26,middle,pretty good
4.71,2.72,-0.11,9.18,0.48,7.13,885,0.7510588699314599,19,middle,pretty good
6.38,3.98,-0.81,4.05,8.13,0.3,886,0.5115749174843524,43,middle,bad
7.14,4.55,5.57,3.94,9.44,7.72,887,0.8520694647080372,79,middle,pretty good
3.86,6.4,1.59,0.7,5.13,5.49,888,-0.24998916015480965,6,free,pretty good
5.62,10.31,3.12,6.19,4.55,10.57,889,0.7515998944195295,63,free,good
3.79,6.81,6.79,4.19,7.25,3.56,890,0.5296574313959628,69,jam,bad
6.84,2.58,6.03,12.11,8.42,6.46,891,0.2354459090213249,56,middle,pretty good
6.73,5.34,2.34,11.16,0.37,3.56,892,0.1331628016636512,29,middle,bad
12.84,4.96,2.01,1.72,2.62,0.07,893,0.524025370215826,53,middle,pretty good
3.44,3.24,6.55,9.98,6.31,3.42,894,0.3912915443173966,61,middle,bad
3.39,3.34,1.9,11.09,3.14,7.01,895,0.837082276085517,73,free,good
4.55,4,6.33,7.21,0.79,1.17,896,0.6348976092438248,30,free,pretty good
2.91,5.96,-0.87,4.65,-2.75,6.51,897,0.4435930291941971,87,jam,great
-0.66,0.58,4.37,5.41,6.22,4.09,898,0.1659925022817646,16,jam,great
5.68,7.17,6.74,6.28,1.89,6.33,899,0.2562611789202662,32,jam,bad
5.16,7.74,0.32,4.13,3.82,3.04,900,0.29174830964979637,16,jam,good
4.78,3.34,-0.81,3.92,6.82,12.08,901,-0.5882932548530764,100,middle,good
7.78,9.77,5.5,5.38,1.85,7.22,902,0.5820483009730879,38,middle,pretty good
7.9,2.39,-0.14,4.4,10.62,10.45,903,0.5669036539518629,58,jam,great
12.06,7.12,9.9,9.66,6.47,3.36,904,0.549418452597294,70,middle,great
4.34,3.06,4.43,6.39,3.01,0.15,905,0.1389197399435868,2,middle,good
6.9,2.79,8.06,1.84,1.59,7.6,906,0.40188689628517066,42,free,good
6.62,1.57,7.51,0.25,1.96,3.42,907,0.014716179774006855,54,free,pretty good
1.1,10.13,7.63,0.92,2.74,10.84,908,1.1209075258357015,42,middle,bad
2.99,5.34,5.77,4.01,5.65,4.35,909,0.41712455125538006,77,middle,good
7.95,12.08,1.32,4.16,14.24,1.76,910,0.7457632570594155,89,middle,good
10.68,9.82,-0.23,6.61,3.4,4.75,911,0.4611298895235772,111,free,good
6.02,4.8,5.04,1.55,7.69,0.27,912,0.05518882613249776,16,free,bad
9.74,0.65,8.59,3.24,-2.72,3.2,913,0.6411295500968673,74,middle,great
5.68,0.11,7.36,8.49,4.01,2.44,914,0.21265204040866553,70,free,pretty good
5.33,6.58,7.62,5.08,7.47,7.29,915,0.44978441923824475,63,jam,pretty good
5.57,3.68,4.79,6.84,6.09,5.23,916,0.8239627587188938,108,free,great
4.93,6.06,9.63,7.35,2.34,4.01,917,0.3044483221687996,57,jam,good
6.45,1.1,1.82,4.49,2.69,5.87,918,0.6816740352215971,30,free,great
4.95,6.09,9.23,9.31,6.13,10.6,919,0.5121564393295851,53,jam,great
3.74,0.67,6.73,5.09,3.39,3.04,920,0.275550432404026,43,free,good
8.13,4.54,5.64,5.42,0.53,2.9,921,0.5921425070182754,7,jam,great
0.58,4.5,4.52,9.25,8.03,8.17,922,0.6224376015314239,43,middle,good
8.17,4.73,5.77,4.42,7.03,5.97,923,0.5784402098036416,72,middle,bad
7.42,8.27,6.72,3.42,1.07,2.36,924,0.19974327426116573,50,jam,great
4.92,4.79,3.67,3.92,2.13,2.24,925,0.708009341474104,30,free,bad
7.97,-0.75,1.75,8.32,8.07,6.1,926,0.7356697765891542,34,jam,bad
5.63,7.36,7.46,3.2,4.18,6.22,927,0.4993753968349391,31,middle,great
1.35,1.17,5.15,3.83,2.6,8.79,928,0.33356308919182553,36,middle,good
4.23,5.5,5.07,3.46,5.07,5.24,929,0.4361525405310218,56,middle,pretty good
8.43,1.53,4.54,5.04,5.94,8.3,930,0.37451972259676486,28,free,great
2.94,6.16,2.35,3,5.79,1.35,931,0.31856703024288585,83,middle,good
2.5,6.58,4.29,4.87,3.09,1.91,932,0.46510580220582826,30,jam,bad
6.72,1.72,5.09,6.58,2.75,3.36,933,0.35216006919297316,58,jam,great
12.41,7.13,4.29,6.54,1.17,4.93,934,0.37318139630513786,6,jam,pretty good
5.91,8.99,7.44,4.87,1.95,5.07,935,1.0545788699331138,13,free,good
7.23,-0.71,2.92,4.44,3.18,-1.86,936,-0.08716925678414233,40,jam,great
4.66,0.89,9.76,6.69,0.34,2.8,937,0.9248766354977991,70,free,bad
7.07,7.2,9.23,6.09,3.84,6.26,938,0.3208426091138372,9,jam,bad
3.11,6.02,4.77,0.15,3.48,8.17,939,1.2254318294589739,17,free,bad
5.54,2.43,5.64,-1.66,2.45,5.12,940,-0.15560037461613418,47,jam,great
5.96,5.41,1.08,10.87,3.04,4.67,941,1.0987850476886782,48,middle,good
5.25,1.08,11.25,4.46,1.64,3.89,942,0.7129831773967134,24,jam,bad
2.93,2.02,6.04,2.92,5.17,5.91,943,0.704893843294477,70,free,good
6.62,8.24,5.79,8.98,7.44,3.08,944,0.49498219832383955,85,middle,great
3.67,7.27,5.99,5.08,7.42,4.99,945,0.2570640119284498,31,middle,good
11.58,5.28,5.72,0.97,3.75,1.6,946,0.6986847768258291,7,free,bad
6.19,0.81,5.51,5.21,7.33,-1.39,947,-0.012695224009710349,22,jam,good
4.8,11.33,2.59,5.47,1.57,6.7,948,0.5580409564480411,123,jam,good
5.23,6.11,2.12,8.48,9.43,-0.3,949,0.34831496834041775,48,jam,pretty good
7.39,3.22,5.85,4.15,2.99,7.58,950,0.365228582047118,20,jam,pretty good
1.85,-1.09,6.04,0.2,3.21,3.54,951,0.9498672337039555,88,middle,good
3.99,7.66,6.55,7.54,8.56,5.07,952,0.5615654168875213,20,middle,pretty good
5.45,6.09,3.53,2.52,6.52,8.18,953,0.4495703842248965,22,jam,pretty good
3.73,4.77,4.3,10.02,7.96,5.16,954,0.5502426284572629,35,jam,pretty good
8.8,1.36,0.28,-0.66,6.94,3.1,955,0.24700751429959242,110,free,good
3.87,3.59,4.73,6.9,1.46,6.79,956,1.0553792390695218,93,middle,pretty good
6.39,10.49,3.87,3.83,7.76,7.31,957,0.6344786549464374,60,jam,good
5.33,-0.11,8.25,3.11,7.45,5.74,958,0.7900111469274897,101,jam,good
3.36,-1.16,2.34,0.35,2.11,8.01,959,0.041815286542355556,72,free,great
3.45,9.07,3.84,6.67,4.8,1.58,960,0.5524293904688805,82,free,bad
4.55,5.87,4.26,2.75,4.41,8.07,961,-0.194791806139465,57,middle,good
1.52,3.56,10.25,4.93,1.76,1.62,962,0.42117978210506557,30,free,pretty good
7.13,2.57,1.49,5.75,5.05,-0.87,963,0.7589593738607828,87,free,great
2.45,4.03,8.13,8.6,2.58,-1.09,964,0.5531566308423415,57,middle,great
5.62,11.96,4.73,-0.13,6.62,6.04,965,0.5239465763609322,76,free,pretty good
7.07,-0.64,-1.61,-2.93,5.74,1.41,966,0.24563696491299802,43,middle,bad
2.82,-1.14,4.64,4.24,3.35,7,967,0.7055034424627464,102,free,good
5.65,0.73,9.29,2.65,5.35,5.95,968,0.43685265781240057,67,jam,great
4.46,7.52,2.52,6.3,6.32,7.08,969,0.5005920118980198,61,free,good
7.05,7.9,6.21,3.44,13.66,1.46,970,1.0525850272725386,7,jam,pretty good
4.42,4.4,4.92,8.6,5.9,8.22,971,0.675432926053763,74,free,bad
2.2,5.04,7.52,3.54,3.87,1.44,972,0.21955088095866743,31,jam,bad
4.11,7.51,7.25,5.8,-2.3,7.52,973,0.49097003479538776,99,free,pretty good
3.89,-0.27,2.11,4.78,8.27,1.5,974,0.4095648253004515,29,free,bad
7.88,7.22,5.27,4.14,5.05,7.38,975,1.0742976406570617,49,free,great
3.99,1.51,1.88,6.49,5.85,8.41,976,-0.09892103835034294,64,jam,great
1.56,1.96,0.57,-0.38,9.26,-1.64,977,0.560776807283989,60,middle,bad
5.42,4.92,2.66,10.89,8.36,5.27,978,0.9568621739193325,72,jam,good
9.67,4.99,6.24,6.65,4.55,0.57,979,0.35482951340597496,23,middle,bad
9.23,1.44,7.89,2.33,-1.8,9.97,980,0.1773899346222203,87,jam,good
0.61,4.61,3.14,5.57,6.69,6,981,1.0184043719303726,98,middle,good
5.67,4.41,3.3,2.98,4.86,2.18,982,0.41414348720474947,99,middle,pretty good
4.41,5.37,3.26,3.39,4.37,6.83,983,0.7211036685651468,20,middle,great
8.15,3.98,3.94,1.99,4.32,5.47,984,0.5459993263812445,42,free,great
8.65,6.66,8.24,5.99,9.52,10.86,985,0.6985734856540187,54,jam,great
5.86,1.77,6.18,2.23,1.2,7.19,986,-0.0097088268108792,51,jam,bad
3.42,7.11,6.04,9.67,7.38,5.01,987,0.3769067936308538,37,jam,pretty good
4.68,9.42,6.51,7.71,0.25,10.03,988,0.6371528353726162,96,free,bad
3.06,6.97,7.24,3.91,0.54,3.99,989,0.8828484507477219,39,jam,bad
4.78,6.87,9.57,2.4,6.98,6.68,990,0.37384948944284124,8,jam,bad
5.32,2.08,2.34,7,6.22,5.41,991,0.5476942594477978,33,free,good
3.85,6.3,-2.07,3.79,8.7,11.17,992,0.8579040182712756,53,free,great
6.16,3.35,8.17,5.22,6.4,8.21,993,0.7179740400549192,92,jam,pretty good
6.55,9.6,6.73,4.2,1.46,8.5,994,0.3293861319428284,101,free,bad
2.5,5.12,4.97,-2.41,7.45,-0.76,995,0.304992852827509,64,middle,bad
-0.19,5.67,6.2,13.04,2.12,6.82,996,0.544068550812367,34,jam,pretty good
8.15,1.23,1.28,2.49,-4.58,6.86,997,0.8581975089933056,42,jam,pretty good
6.67,8.65,5.6,5.85,6.19,4.89,998,0.14553546538164092,5,middle,pretty good
3.96,3.26,7.26,2.14,4.07,6.21,999,0.276377761414828,0,free,great